# time  px  py  pz   qw  qx  qy  qz   yaw  pitch  roll  (ZYX, radians)
0.002000  0.540000 0.080000 0.200000  1.000000 0.000000 0.000000 0.000000  0.000000 0.000000 0.000000
0.004000  0.540042 0.079974 0.200259  0.999999 0.000854 0.000981 -0.000052  -0.000103 0.001961 0.001708
0.006000  0.540084 0.079947 0.200478  0.999997 0.001708 0.001961 -0.000106  -0.000204 0.003923 0.003415
0.008000  0.540126 0.079921 0.200658  0.999992 0.002562 0.002942 -0.000159  -0.000304 0.005885 0.005122
0.010000  0.540168 0.079894 0.200799  0.999986 0.003415 0.003923 -0.000214  -0.000401 0.007847 0.006829
0.012000  0.540210 0.079868 0.200901  0.999979 0.004269 0.004904 -0.000269  -0.000496 0.009810 0.008536
0.014000  0.540252 0.079842 0.200964  0.999970 0.005123 0.005885 -0.000325  -0.000589 0.011772 0.010242
0.016000  0.540294 0.079815 0.200987  0.999959 0.005976 0.006865 -0.000381  -0.000680 0.013735 0.011948
0.018000  0.540336 0.079789 0.200971  0.999946 0.006830 0.007846 -0.000438  -0.000770 0.015698 0.013654
0.020000  0.540378 0.079763 0.200916  0.999931 0.007683 0.008827 -0.000496  -0.000857 0.017662 0.015359
0.022000  0.540420 0.079736 0.200821  0.999915 0.008536 0.009808 -0.000555  -0.000942 0.019625 0.017064
0.024000  0.540462 0.079710 0.200687  0.999898 0.009389 0.010789 -0.000614  -0.001025 0.021589 0.018769
0.026000  0.540503 0.079684 0.200514  0.999878 0.010243 0.011770 -0.000674  -0.001107 0.023553 0.020474
0.028000  0.540545 0.079658 0.200302  0.999857 0.011096 0.012751 -0.000734  -0.001186 0.025517 0.022178
0.030000  0.540587 0.079631 0.200050  0.999834 0.011948 0.013732 -0.000795  -0.001263 0.027482 0.023882
0.032000  0.540624 0.079539 0.200039  0.999815 0.013222 0.013880 -0.001728  -0.003089 0.027804 0.026405
0.034000  0.540660 0.079443 0.200007  0.999793 0.014525 0.013972 -0.002720  -0.005034 0.028021 0.028984
0.036000  0.540696 0.079341 0.199959  0.999769 0.015864 0.013998 -0.003781  -0.007119 0.028113 0.031633
0.038000  0.540731 0.079236 0.199897  0.999742 0.017267 0.013967 -0.004845  -0.009210 0.028098 0.034410
0.040000  0.540765 0.079130 0.199796  0.999711 0.018670 0.013939 -0.005910  -0.011301 0.028094 0.037188
0.042000  0.540794 0.079016 0.199718  0.999676 0.020237 0.013773 -0.006967  -0.013378 0.027822 0.040295
0.044000  0.540823 0.078903 0.199602  0.999637 0.021803 0.013609 -0.008024  -0.015455 0.027562 0.043403
0.046000  0.540852 0.078789 0.199445  0.999595 0.023370 0.013448 -0.009080  -0.017532 0.027313 0.046511
0.048000  0.540874 0.078662 0.199354  0.999546 0.025218 0.013050 -0.010118  -0.019578 0.026602 0.050187
0.050000  0.540895 0.078534 0.199224  0.999491 0.027065 0.012656 -0.011156  -0.021624 0.025905 0.053865
0.052000  0.540916 0.078407 0.199055  0.999432 0.028914 0.012263 -0.012193  -0.023673 0.025221 0.057546
0.054000  0.540931 0.078267 0.198938  0.999364 0.031020 0.011657 -0.013207  -0.025685 0.024121 0.061750
0.056000  0.540945 0.078127 0.198782  0.999289 0.033127 0.011054 -0.014221  -0.027700 0.023036 0.065957
0.058000  0.540960 0.077987 0.198587  0.999208 0.035234 0.010454 -0.015233  -0.029717 0.021966 0.070169
0.060000  0.540967 0.077830 0.198469  0.999114 0.037606 0.009605 -0.016266  -0.031793 0.020419 0.074919
0.062000  0.540975 0.077672 0.198311  0.999012 0.039979 0.008761 -0.017298  -0.033874 0.018888 0.079675
0.064000  0.540982 0.077515 0.198114  0.998903 0.042354 0.007919 -0.018328  -0.035959 0.017375 0.084437
0.066000  0.540979 0.077313 0.198199  0.998842 0.043281 0.007605 -0.019576  -0.038462 0.016888 0.086284
0.068000  0.540977 0.077115 0.198271  0.998780 0.044180 0.007307 -0.020834  -0.040988 0.016438 0.088073
0.070000  0.540978 0.076922 0.198333  0.998716 0.045047 0.007027 -0.022103  -0.043535 0.016028 0.089799
0.072000  0.540980 0.076732 0.198387  0.998650 0.045880 0.006764 -0.023384  -0.046105 0.015657 0.091459
0.074000  0.540985 0.076547 0.198434  0.998584 0.046679 0.006520 -0.024676  -0.048699 0.015326 0.093049
0.076000  0.540992 0.076366 0.198477  0.998516 0.047443 0.006295 -0.025981  -0.051316 0.015037 0.094570
0.078000  0.541001 0.076190 0.198514  0.998447 0.048171 0.006089 -0.027298  -0.053957 0.014789 0.096019
0.080000  0.541012 0.076018 0.198548  0.998378 0.048864 0.005901 -0.028627  -0.056621 0.014581 0.097396
0.082000  0.541026 0.075851 0.198578  0.998307 0.049521 0.005733 -0.029969  -0.059309 0.014415 0.098701
0.084000  0.541043 0.075689 0.198605  0.998235 0.050142 0.005583 -0.031322  -0.062020 0.014289 0.099933
0.086000  0.541062 0.075531 0.198630  0.998163 0.050727 0.005453 -0.032687  -0.064753 0.014203 0.101093
0.088000  0.541081 0.075374 0.198615  0.998088 0.051312 0.005324 -0.034053  -0.067487 0.014122 0.102254
0.090000  0.541106 0.075227 0.198644  0.998014 0.051818 0.005235 -0.035445  -0.070272 0.014124 0.103253
0.092000  0.541133 0.075085 0.198668  0.997938 0.052290 0.005164 -0.036849  -0.073078 0.014161 0.104184
0.094000  0.541163 0.074947 0.198689  0.997862 0.052729 0.005111 -0.038263  -0.075905 0.014236 0.105046
0.096000  0.541196 0.074813 0.198706  0.997785 0.053135 0.005076 -0.039690  -0.078753 0.014347 0.105839
0.098000  0.541231 0.074684 0.198720  0.997707 0.053506 0.005058 -0.041127  -0.081623 0.014495 0.106563
0.100000  0.541266 0.074555 0.198694  0.997627 0.053877 0.005042 -0.042564  -0.084493 0.014646 0.107286
0.102000  0.541308 0.074437 0.198713  0.997548 0.054171 0.005065 -0.044028  -0.087412 0.014875 0.107851
0.104000  0.541352 0.074323 0.198726  0.997467 0.054433 0.005105 -0.045502  -0.090352 0.015138 0.108350
0.106000  0.541398 0.074213 0.198736  0.997385 0.054663 0.005162 -0.046988  -0.093312 0.015434 0.108781
0.108000  0.541448 0.074107 0.198743  0.997303 0.054859 0.005237 -0.048485  -0.096294 0.015765 0.109144
0.110000  0.541497 0.074002 0.198710  0.997217 0.055054 0.005312 -0.049981  -0.099276 0.016099 0.109504
0.112000  0.541553 0.073906 0.198720  0.997133 0.055175 0.005427 -0.051505  -0.102307 0.016507 0.109709
0.114000  0.541611 0.073815 0.198726  0.997047 0.055263 0.005559 -0.053039  -0.105359 0.016948 0.109846
0.116000  0.541672 0.073728 0.198727  0.996959 0.055318 0.005708 -0.054584  -0.108433 0.017422 0.109914
0.118000  0.541736 0.073645 0.198725  0.996871 0.055340 0.005875 -0.056141  -0.111529 0.017928 0.109912
0.120000  0.541800 0.073562 0.198684  0.996780 0.055361 0.006042 -0.057698  -0.114625 0.018435 0.109908
0.122000  0.541871 0.073489 0.198686  0.996688 0.055305 0.006250 -0.059282  -0.117774 0.019018 0.109744
0.124000  0.541944 0.073420 0.198683  0.996596 0.055217 0.006476 -0.060878  -0.120945 0.019631 0.109510
0.126000  0.542020 0.073355 0.198675  0.996501 0.055095 0.006719 -0.062486  -0.124138 0.020277 0.109205
0.128000  0.542097 0.073290 0.198629  0.996404 0.054973 0.006961 -0.064094  -0.127332 0.020921 0.108897
0.130000  0.542180 0.073234 0.198624  0.996307 0.054772 0.007246 -0.065730  -0.130582 0.021641 0.108425
0.132000  0.542265 0.073183 0.198614  0.996207 0.054538 0.007549 -0.067378  -0.133855 0.022392 0.107882
0.134000  0.542352 0.073148 0.198637  0.996126 0.054311 0.007679 -0.068741  -0.136574 0.022766 0.107380
0.136000  0.542438 0.073113 0.198620  0.996042 0.054083 0.007807 -0.070103  -0.139294 0.023138 0.106876
0.138000  0.542525 0.073095 0.198631  0.995976 0.053862 0.007775 -0.071201  -0.141501 0.023160 0.106412
0.140000  0.542612 0.073076 0.198603  0.995910 0.053640 0.007743 -0.072299  -0.143708 0.023180 0.105948
0.142000  0.542698 0.073072 0.198608  0.995858 0.053390 0.007566 -0.073202  -0.145541 0.022888 0.105452
0.144000  0.542783 0.073067 0.198573  0.995806 0.053140 0.007389 -0.074106  -0.147375 0.022594 0.104958
0.146000  0.542860 0.073070 0.198575  0.995761 0.052793 0.007114 -0.074977  -0.149156 0.022085 0.104286
0.148000  0.542938 0.073073 0.198539  0.995716 0.052447 0.006838 -0.075848  -0.150937 0.021575 0.103616
0.150000  0.543007 0.073082 0.198537  0.995651 0.051995 0.006766 -0.077002  -0.153266 0.021483 0.102700
0.152000  0.543076 0.073096 0.198528  0.995578 0.051540 0.006748 -0.078245  -0.155767 0.021504 0.101767
0.154000  0.543145 0.073115 0.198513  0.995496 0.051081 0.006785 -0.079579  -0.158446 0.021641 0.100816
0.156000  0.543214 0.073135 0.198459  0.995412 0.050621 0.006821 -0.080912  -0.161126 0.021774 0.099864
0.158000  0.543284 0.073178 0.198462  0.995357 0.050159 0.006629 -0.081880  -0.163095 0.021412 0.098950
0.160000  0.543347 0.073219 0.198456  0.995293 0.049612 0.006551 -0.082992  -0.165342 0.021276 0.097848
0.162000  0.543409 0.073265 0.198441  0.995220 0.049048 0.006533 -0.084197  -0.167772 0.021265 0.096699
0.164000  0.543471 0.073316 0.198421  0.995137 0.048476 0.006571 -0.085492  -0.170377 0.021368 0.095525
0.166000  0.543534 0.073380 0.198415  0.995071 0.047900 0.006483 -0.086591  -0.172601 0.021199 0.094365
0.168000  0.543596 0.073444 0.198369  0.995003 0.047323 0.006395 -0.087689  -0.174824 0.021027 0.093207
0.170000  0.543658 0.073515 0.198349  0.994923 0.046667 0.006418 -0.088930  -0.177326 0.021072 0.091868
0.172000  0.543720 0.073597 0.198341  0.994860 0.046003 0.006323 -0.089989  -0.179471 0.020862 0.090538
0.174000  0.543778 0.073679 0.198317  0.994787 0.045277 0.006311 -0.091152  -0.181822 0.020812 0.089069
0.176000  0.543837 0.073766 0.198289  0.994710 0.044520 0.006333 -0.092356  -0.184251 0.020823 0.087530
0.178000  0.543898 0.073865 0.198274  0.994649 0.043752 0.006236 -0.093380  -0.186330 0.020578 0.085994
0.180000  0.543951 0.073969 0.198280  0.994597 0.043009 0.006024 -0.094294  -0.188197 0.020095 0.084534
0.182000  0.544004 0.074074 0.198248  0.994543 0.042266 0.005810 -0.095208  -0.190064 0.019607 0.083076
0.184000  0.544043 0.074181 0.198253  0.994490 0.041498 0.005496 -0.096108  -0.191911 0.018908 0.081588
0.186000  0.544083 0.074288 0.198219  0.994436 0.040731 0.005180 -0.097008  -0.193757 0.018205 0.080102
0.188000  0.544103 0.074399 0.198255  0.994416 0.040373 0.004752 -0.097390  -0.194563 0.017315 0.079466
0.190000  0.544119 0.074512 0.198276  0.994402 0.040107 0.004299 -0.097657  -0.195139 0.016384 0.079017
0.192000  0.544134 0.074624 0.198258  0.994389 0.039840 0.003846 -0.097925  -0.195715 0.015452 0.078570
0.194000  0.544153 0.074720 0.198294  0.994395 0.039842 0.003795 -0.097859  -0.195586 0.015346 0.078585
0.196000  0.544172 0.074812 0.198312  0.994406 0.039903 0.003831 -0.097720  -0.195304 0.015419 0.078701
0.198000  0.544191 0.074904 0.198290  0.994417 0.039963 0.003868 -0.097582  -0.195022 0.015493 0.078816
0.200000  0.544211 0.074987 0.198278  0.994439 0.040166 0.004118 -0.097266  -0.194365 0.016005 0.079178
0.202000  0.544232 0.075070 0.198228  0.994461 0.040370 0.004368 -0.096950  -0.193709 0.016517 0.079540
0.204000  0.544250 0.075132 0.198233  0.994453 0.040712 0.004312 -0.096887  -0.193581 0.016465 0.080234
0.206000  0.544268 0.075184 0.198252  0.994452 0.040848 0.004236 -0.096840  -0.193490 0.016338 0.080519
0.208000  0.544287 0.075235 0.198232  0.994452 0.040983 0.004161 -0.096793  -0.193400 0.016210 0.080804
0.210000  0.544302 0.075276 0.198238  0.994455 0.040891 0.004098 -0.096802  -0.193424 0.016069 0.080633
0.212000  0.544312 0.075315 0.198238  0.994455 0.040718 0.004079 -0.096875  -0.193576 0.016004 0.080291
0.214000  0.544320 0.075354 0.198234  0.994453 0.040490 0.004085 -0.096987  -0.193802 0.015979 0.079833
0.216000  0.544330 0.075386 0.198234  0.994453 0.040404 0.004263 -0.097015  -0.193847 0.016319 0.079627
0.218000  0.544342 0.075414 0.198220  0.994450 0.040412 0.004534 -0.097036  -0.193869 0.016861 0.079591
0.220000  0.544352 0.075428 0.198228  0.994427 0.040510 0.004607 -0.097220  -0.194231 0.017040 0.079768
0.222000  0.544361 0.075436 0.198227  0.994399 0.040663 0.004593 -0.097448  -0.194686 0.017061 0.080073
0.224000  0.544369 0.075438 0.198230  0.994374 0.040663 0.004579 -0.097702  -0.195198 0.017054 0.080070
0.226000  0.544375 0.075441 0.198230  0.994349 0.040627 0.004575 -0.097973  -0.195743 0.017059 0.079996
0.228000  0.544375 0.075446 0.198227  0.994334 0.040723 0.004529 -0.098085  -0.195970 0.016997 0.080194
0.230000  0.544373 0.075447 0.198229  0.994320 0.040710 0.004496 -0.098231  -0.196267 0.016941 0.080172
0.232000  0.544372 0.075452 0.198230  0.994307 0.040677 0.004461 -0.098379  -0.196565 0.016876 0.080111
0.234000  0.544370 0.075460 0.198230  0.994295 0.040625 0.004424 -0.098526  -0.196866 0.016803 0.080012
0.236000  0.544367 0.075472 0.198230  0.994283 0.040553 0.004384 -0.098675  -0.197168 0.016721 0.079874
0.238000  0.544360 0.075482 0.198227  0.994277 0.040596 0.004283 -0.098724  -0.197275 0.016534 0.079978
0.240000  0.544350 0.075491 0.198229  0.994270 0.040548 0.004207 -0.098818  -0.197470 0.016381 0.079895
0.242000  0.544340 0.075503 0.198230  0.994264 0.040480 0.004129 -0.098912  -0.197666 0.016219 0.079774
0.244000  0.544332 0.075510 0.198226  0.994260 0.040527 0.004192 -0.098933  -0.197703 0.016356 0.079856
0.246000  0.544329 0.075515 0.198228  0.994266 0.040498 0.004182 -0.098884  -0.197605 0.016326 0.079800
0.248000  0.544327 0.075525 0.198228  0.994273 0.040450 0.004169 -0.098836  -0.197510 0.016287 0.079707
0.250000  0.544327 0.075530 0.198221  0.994272 0.040525 0.004264 -0.098809  -0.197448 0.016489 0.079838
0.252000  0.544331 0.075533 0.198223  0.994280 0.040506 0.004300 -0.098732  -0.197291 0.016550 0.079794
0.254000  0.544334 0.075531 0.198222  0.994284 0.040563 0.004244 -0.098670  -0.197170 0.016446 0.079921
0.256000  0.544331 0.075531 0.198225  0.994284 0.040566 0.004232 -0.098668  -0.197165 0.016421 0.079930
0.258000  0.544329 0.075534 0.198227  0.994285 0.040550 0.004217 -0.098665  -0.197162 0.016388 0.079901
0.260000  0.544326 0.075541 0.198229  0.994287 0.040515 0.004199 -0.098664  -0.197161 0.016346 0.079834
0.262000  0.544324 0.075551 0.198229  0.994289 0.040460 0.004179 -0.098663  -0.197162 0.016296 0.079728
0.264000  0.544324 0.075556 0.198222  0.994287 0.040522 0.004275 -0.098653  -0.197134 0.016498 0.079834
0.266000  0.544328 0.075560 0.198224  0.994295 0.040498 0.004309 -0.098588  -0.197000 0.016555 0.079779
0.268000  0.544330 0.075560 0.198223  0.994298 0.040553 0.004252 -0.098532  -0.196891 0.016447 0.079901
0.270000  0.544328 0.075560 0.198226  0.994298 0.040551 0.004237 -0.098534  -0.196897 0.016418 0.079901
0.272000  0.544325 0.075564 0.198228  0.994299 0.040531 0.004220 -0.098537  -0.196905 0.016380 0.079863
0.274000  0.544323 0.075572 0.198229  0.994300 0.040490 0.004200 -0.098541  -0.196916 0.016333 0.079787
0.276000  0.544320 0.075582 0.198229  0.994302 0.040431 0.004178 -0.098546  -0.196928 0.016278 0.079672
0.278000  0.544320 0.075588 0.198222  0.994300 0.040491 0.004276 -0.098538  -0.196902 0.016484 0.079773
0.280000  0.544318 0.075585 0.198219  0.994285 0.040614 0.004238 -0.098640  -0.197109 0.016441 0.080023
0.282000  0.544316 0.075579 0.198224  0.994271 0.040640 0.004207 -0.098767  -0.197366 0.016394 0.080079
0.284000  0.544313 0.075577 0.198227  0.994259 0.040646 0.004173 -0.098895  -0.197625 0.016338 0.080097
0.286000  0.544310 0.075579 0.198229  0.994247 0.040634 0.004137 -0.099023  -0.197886 0.016274 0.080077
0.288000  0.544307 0.075584 0.198231  0.994235 0.040602 0.004098 -0.099152  -0.198148 0.016201 0.080018
0.290000  0.544304 0.075592 0.198231  0.994225 0.040550 0.004057 -0.099282  -0.198413 0.016119 0.079921
0.292000  0.544302 0.075595 0.198225  0.994219 0.040596 0.004149 -0.099317  -0.198476 0.016315 0.079994
0.294000  0.544306 0.075599 0.198227  0.994223 0.040575 0.004173 -0.099286  -0.198411 0.016355 0.079948
0.296000  0.544309 0.075606 0.198228  0.994227 0.040535 0.004194 -0.099255  -0.198348 0.016386 0.079864
0.298000  0.544313 0.075616 0.198228  0.994233 0.040475 0.004212 -0.099225  -0.198287 0.016408 0.079742
0.300000  0.544316 0.075630 0.198228  0.994239 0.040395 0.004228 -0.099195  -0.198228 0.016422 0.079581
0.302000  0.544316 0.075639 0.198229  0.994242 0.040412 0.004148 -0.099154  -0.198151 0.016263 0.079631
0.304000  0.544317 0.075643 0.198222  0.994250 0.040528 0.004200 -0.099027  -0.197890 0.016378 0.079854
0.306000  0.544319 0.075644 0.198225  0.994263 0.040530 0.004230 -0.098897  -0.197626 0.016429 0.079853
0.308000  0.544321 0.075648 0.198227  0.994276 0.040512 0.004258 -0.098767  -0.197364 0.016471 0.079814
0.310000  0.544323 0.075655 0.198227  0.994291 0.040474 0.004284 -0.098638  -0.197104 0.016505 0.079736
0.312000  0.544323 0.075656 0.198226  0.994298 0.040509 0.004207 -0.098550  -0.196932 0.016351 0.079822
0.314000  0.544318 0.075659 0.198228  0.994301 0.040496 0.004180 -0.098526  -0.196886 0.016292 0.079803
0.316000  0.544315 0.075658 0.198219  0.994299 0.040594 0.004254 -0.098509  -0.196844 0.016458 0.079982
0.318000  0.544317 0.075656 0.198223  0.994305 0.040605 0.004273 -0.098443  -0.196710 0.016492 0.080002
0.320000  0.544318 0.075658 0.198226  0.994311 0.040596 0.004289 -0.098378  -0.196579 0.016517 0.079983
0.322000  0.544319 0.075664 0.198227  0.994319 0.040569 0.004302 -0.098314  -0.196449 0.016533 0.079926
0.324000  0.544320 0.075672 0.198228  0.994327 0.040521 0.004313 -0.098250  -0.196322 0.016541 0.079831
0.326000  0.544322 0.075685 0.198228  0.994336 0.040455 0.004322 -0.098187  -0.196196 0.016540 0.079698
0.328000  0.544320 0.075692 0.198228  0.994341 0.040475 0.004234 -0.098131  -0.196088 0.016364 0.079757
0.330000  0.544319 0.075693 0.198220  0.994348 0.040598 0.004273 -0.098005  -0.195832 0.016455 0.079995
0.332000  0.544320 0.075692 0.198223  0.994360 0.040608 0.004293 -0.097880  -0.195577 0.016488 0.080014
0.334000  0.544320 0.075695 0.198226  0.994373 0.040599 0.004311 -0.097754  -0.195325 0.016512 0.079995
0.336000  0.544320 0.075701 0.198228  0.994386 0.040571 0.004327 -0.097630  -0.195074 0.016527 0.079937
0.338000  0.544320 0.075710 0.198228  0.994400 0.040523 0.004340 -0.097506  -0.194825 0.016534 0.079841
0.340000  0.544320 0.075723 0.198228  0.994415 0.040455 0.004350 -0.097383  -0.194579 0.016532 0.079707
0.342000  0.544317 0.075730 0.198228  0.994423 0.040466 0.004255 -0.097296  -0.194411 0.016338 0.079748
0.344000  0.544317 0.075731 0.198221  0.994431 0.040588 0.004286 -0.097165  -0.194144 0.016412 0.079987
0.346000  0.544317 0.075730 0.198224  0.994443 0.040600 0.004303 -0.097040  -0.193890 0.016439 0.080010
0.348000  0.544316 0.075733 0.198227  0.994455 0.040593 0.004318 -0.096914  -0.193638 0.016457 0.079995
0.350000  0.544316 0.075738 0.198228  0.994468 0.040566 0.004331 -0.096790  -0.193387 0.016467 0.079942
0.352000  0.544315 0.075748 0.198229  0.994482 0.040520 0.004341 -0.096666  -0.193139 0.016468 0.079850
0.354000  0.544315 0.075760 0.198229  0.994497 0.040455 0.004348 -0.096543  -0.192892 0.016461 0.079720
0.356000  0.544312 0.075767 0.198228  0.994505 0.040465 0.004251 -0.096457  -0.192726 0.016263 0.079761
0.358000  0.544311 0.075768 0.198221  0.994512 0.040592 0.004284 -0.096328  -0.192462 0.016341 0.080009
0.360000  0.544310 0.075766 0.198225  0.994524 0.040607 0.004300 -0.096201  -0.192206 0.016367 0.080037
0.362000  0.544310 0.075768 0.198227  0.994536 0.040602 0.004315 -0.096075  -0.191952 0.016384 0.080028
0.364000  0.544309 0.075773 0.198229  0.994549 0.040578 0.004326 -0.095950  -0.191700 0.016393 0.079980
0.366000  0.544308 0.075782 0.198229  0.994563 0.040535 0.004335 -0.095825  -0.191450 0.016393 0.079894
0.368000  0.544307 0.075794 0.198229  0.994577 0.040472 0.004342 -0.095701  -0.191202 0.016384 0.079770
0.370000  0.544307 0.075810 0.198229  0.994593 0.040390 0.004346 -0.095578  -0.190955 0.016367 0.079607
0.372000  0.544309 0.075821 0.198222  0.994595 0.040450 0.004456 -0.095526  -0.190842 0.016592 0.079707
0.374000  0.544311 0.075822 0.198221  0.994583 0.040576 0.004420 -0.095594  -0.190978 0.016550 0.079964
0.376000  0.544310 0.075820 0.198224  0.994573 0.040586 0.004401 -0.095702  -0.191196 0.016522 0.079986
0.378000  0.544309 0.075821 0.198227  0.994563 0.040577 0.004379 -0.095810  -0.191415 0.016486 0.079970
0.380000  0.544308 0.075825 0.198228  0.994553 0.040549 0.004355 -0.095919  -0.191636 0.016441 0.079916
0.382000  0.544307 0.075833 0.198229  0.994545 0.040501 0.004328 -0.096029  -0.191860 0.016388 0.079824
0.384000  0.544306 0.075844 0.198229  0.994537 0.040433 0.004298 -0.096139  -0.192085 0.016325 0.079692
0.386000  0.544306 0.075850 0.198223  0.994532 0.040469 0.004404 -0.096168  -0.192135 0.016545 0.079744
0.388000  0.544305 0.075847 0.198221  0.994517 0.040578 0.004379 -0.096283  -0.192364 0.016525 0.079965
0.390000  0.544303 0.075842 0.198225  0.994504 0.040599 0.004352 -0.096410  -0.192622 0.016484 0.080008
0.392000  0.544301 0.075841 0.198227  0.994492 0.040600 0.004321 -0.096538  -0.192882 0.016435 0.080014
0.394000  0.544298 0.075844 0.198229  0.994480 0.040581 0.004289 -0.096667  -0.193143 0.016377 0.079981
0.396000  0.544296 0.075849 0.198230  0.994469 0.040543 0.004254 -0.096797  -0.193407 0.016310 0.079910
0.398000  0.544294 0.075859 0.198230  0.994459 0.040486 0.004216 -0.096927  -0.193672 0.016234 0.079801
0.400000  0.544293 0.075863 0.198224  0.994453 0.040527 0.004314 -0.096963  -0.193736 0.016440 0.079863
0.402000  0.544297 0.075867 0.198226  0.994457 0.040501 0.004342 -0.096931  -0.193671 0.016488 0.079806
0.404000  0.544302 0.075875 0.198226  0.994462 0.040455 0.004367 -0.096900  -0.193608 0.016527 0.079711
0.406000  0.544303 0.075878 0.198226  0.994464 0.040499 0.004303 -0.096861  -0.193532 0.016404 0.079811
0.408000  0.544300 0.075882 0.198228  0.994463 0.040480 0.004280 -0.096880  -0.193573 0.016357 0.079777
0.410000  0.544296 0.075889 0.198228  0.994463 0.040441 0.004255 -0.096900  -0.193616 0.016300 0.079704
0.412000  0.544295 0.075891 0.198221  0.994460 0.040514 0.004345 -0.096898  -0.193603 0.016495 0.079832
0.414000  0.544299 0.075893 0.198224  0.994466 0.040503 0.004374 -0.096840  -0.193484 0.016545 0.079807
0.416000  0.544303 0.075898 0.198225  0.994473 0.040474 0.004400 -0.096782  -0.193368 0.016586 0.079744
0.418000  0.544304 0.075899 0.198224  0.994476 0.040527 0.004335 -0.096730  -0.193267 0.016463 0.079862
0.420000  0.544300 0.075900 0.198227  0.994475 0.040521 0.004313 -0.096737  -0.193282 0.016418 0.079856
0.422000  0.544296 0.075905 0.198228  0.994476 0.040497 0.004288 -0.096744  -0.193300 0.016365 0.079811
0.424000  0.544292 0.075913 0.198229  0.994477 0.040452 0.004260 -0.096752  -0.193319 0.016302 0.079728
0.426000  0.544291 0.075916 0.198222  0.994474 0.040522 0.004349 -0.096746  -0.193298 0.016491 0.079851
0.428000  0.544294 0.075919 0.198224  0.994481 0.040507 0.004375 -0.096684  -0.193172 0.016535 0.079817
0.430000  0.544297 0.075925 0.198225  0.994488 0.040473 0.004398 -0.096623  -0.193048 0.016571 0.079746
0.432000  0.544298 0.075927 0.198224  0.994492 0.040521 0.004330 -0.096569  -0.192943 0.016439 0.079855
0.434000  0.544294 0.075929 0.198227  0.994492 0.040511 0.004305 -0.096574  -0.192956 0.016388 0.079840
0.436000  0.544289 0.075934 0.198228  0.994492 0.040482 0.004277 -0.096580  -0.192971 0.016327 0.079787
0.438000  0.544287 0.075935 0.198220  0.994489 0.040562 0.004359 -0.096573  -0.192950 0.016505 0.079930
0.440000  0.544290 0.075936 0.198223  0.994495 0.040558 0.004381 -0.096514  -0.192829 0.016544 0.079920
0.442000  0.544292 0.075940 0.198225  0.994502 0.040535 0.004401 -0.096456  -0.192711 0.016574 0.079871
0.444000  0.544295 0.075948 0.198226  0.994509 0.040493 0.004419 -0.096398  -0.192595 0.016597 0.079784
0.446000  0.544294 0.075951 0.198225  0.994513 0.040533 0.004345 -0.096346  -0.192494 0.016453 0.079880
0.448000  0.544289 0.075954 0.198227  0.994513 0.040516 0.004313 -0.096352  -0.192511 0.016388 0.079851
0.450000  0.544284 0.075961 0.198228  0.994514 0.040479 0.004280 -0.096360  -0.192529 0.016314 0.079783
0.452000  0.544281 0.075964 0.198221  0.994511 0.040553 0.004359 -0.096353  -0.192508 0.016486 0.079917
0.454000  0.544283 0.075966 0.198224  0.994517 0.040544 0.004377 -0.096293  -0.192385 0.016515 0.079896
0.456000  0.544285 0.075971 0.198226  0.994524 0.040515 0.004393 -0.096233  -0.192264 0.016537 0.079837
0.458000  0.544286 0.075980 0.198227  0.994532 0.040467 0.004407 -0.096173  -0.192145 0.016549 0.079739
0.460000  0.544285 0.075984 0.198226  0.994536 0.040503 0.004327 -0.096120  -0.192042 0.016394 0.079827
0.462000  0.544280 0.075988 0.198227  0.994536 0.040480 0.004291 -0.096126  -0.192059 0.016318 0.079789
0.464000  0.544276 0.075988 0.198220  0.994533 0.040566 0.004364 -0.096120  -0.192038 0.016480 0.079946
0.466000  0.544277 0.075988 0.198223  0.994539 0.040569 0.004379 -0.096061  -0.191919 0.016504 0.079950
0.468000  0.544278 0.075991 0.198226  0.994545 0.040553 0.004390 -0.096002  -0.191801 0.016520 0.079916
0.470000  0.544279 0.075998 0.198227  0.994552 0.040517 0.004400 -0.095945  -0.191685 0.016527 0.079844
0.472000  0.544279 0.076008 0.198227  0.994560 0.040462 0.004406 -0.095888  -0.191571 0.016525 0.079734
0.474000  0.544277 0.076013 0.198226  0.994564 0.040492 0.004320 -0.095835  -0.191472 0.016355 0.079810
0.476000  0.544270 0.076019 0.198228  0.994565 0.040462 0.004277 -0.095843  -0.191491 0.016265 0.079760
0.478000  0.544266 0.076020 0.198221  0.994561 0.040546 0.004349 -0.095836  -0.191471 0.016423 0.079914
0.480000  0.544266 0.076021 0.198224  0.994567 0.040546 0.004359 -0.095775  -0.191346 0.016438 0.079912
0.482000  0.544266 0.076025 0.198226  0.994574 0.040526 0.004367 -0.095714  -0.191224 0.016445 0.079871
0.484000  0.544266 0.076032 0.198227  0.994581 0.040486 0.004372 -0.095653  -0.191103 0.016443 0.079793
0.486000  0.544266 0.076043 0.198228  0.994590 0.040427 0.004375 -0.095594  -0.190984 0.016432 0.079676
0.488000  0.544263 0.076049 0.198227  0.994594 0.040454 0.004283 -0.095540  -0.190882 0.016250 0.079747
0.490000  0.544262 0.076049 0.198219  0.994600 0.040587 0.004324 -0.095418  -0.190632 0.016348 0.080007
0.492000  0.544262 0.076047 0.198224  0.994611 0.040607 0.004342 -0.095291  -0.190377 0.016377 0.080044
0.494000  0.544261 0.076048 0.198227  0.994623 0.040607 0.004358 -0.095166  -0.190123 0.016398 0.080044
0.496000  0.544261 0.076052 0.198228  0.994636 0.040588 0.004371 -0.095040  -0.189871 0.016411 0.080005
0.498000  0.544260 0.076060 0.198229  0.994649 0.040549 0.004382 -0.094916  -0.189621 0.016415 0.079928
0.500000  0.544259 0.076072 0.198229  0.994664 0.040491 0.004390 -0.094792  -0.189372 0.016410 0.079812
0.502000  0.544259 0.076087 0.198229  0.994678 0.040413 0.004395 -0.094669  -0.189126 0.016397 0.079658
0.504000  0.544255 0.076095 0.198229  0.994687 0.040414 0.004294 -0.094582  -0.188960 0.016189 0.079681
0.506000  0.544254 0.076098 0.198224  0.994695 0.040534 0.004327 -0.094450  -0.188690 0.016266 0.079917
0.508000  0.544254 0.076098 0.198226  0.994707 0.040542 0.004343 -0.094320  -0.188428 0.016289 0.079931
0.510000  0.544253 0.076101 0.198228  0.994719 0.040530 0.004357 -0.094191  -0.188167 0.016303 0.079906
0.512000  0.544252 0.076108 0.198229  0.994733 0.040498 0.004368 -0.094062  -0.187908 0.016309 0.079844
0.514000  0.544252 0.076118 0.198229  0.994747 0.040447 0.004376 -0.093934  -0.187651 0.016306 0.079743
0.516000  0.544254 0.076124 0.198220  0.994748 0.040529 0.004478 -0.093882  -0.187537 0.016520 0.079887
0.518000  0.544261 0.076128 0.198223  0.994758 0.040505 0.004527 -0.093787  -0.187345 0.016605 0.079831
0.520000  0.544267 0.076136 0.198224  0.994768 0.040462 0.004573 -0.093694  -0.187154 0.016680 0.079738
0.522000  0.544271 0.076138 0.198225  0.994773 0.040500 0.004518 -0.093623  -0.187016 0.016572 0.079827
0.524000  0.544270 0.076141 0.198227  0.994775 0.040485 0.004511 -0.093617  -0.187004 0.016555 0.079799
0.526000  0.544266 0.076140 0.198223  0.994774 0.040554 0.004427 -0.093593  -0.186960 0.016400 0.079952
0.528000  0.544258 0.076140 0.198226  0.994772 0.040558 0.004378 -0.093619  -0.187017 0.016305 0.079969
0.530000  0.544249 0.076143 0.198229  0.994770 0.040543 0.004326 -0.093646  -0.187076 0.016201 0.079948
0.532000  0.544241 0.076150 0.198230  0.994769 0.040509 0.004272 -0.093674  -0.187136 0.016089 0.079889
0.534000  0.544235 0.076151 0.198224  0.994766 0.040588 0.004339 -0.093674  -0.187130 0.016237 0.080035
0.536000  0.544234 0.076152 0.198227  0.994771 0.040585 0.004341 -0.093616  -0.187013 0.016236 0.080028
0.538000  0.544233 0.076157 0.198229  0.994778 0.040562 0.004341 -0.093558  -0.186898 0.016226 0.079984
0.540000  0.544232 0.076165 0.198230  0.994785 0.040519 0.004338 -0.093501  -0.186784 0.016208 0.079901
0.542000  0.544157 0.076845 0.198278  0.995137 0.037107 0.003570 -0.091174  -0.182220 0.013871 0.073275
0.544000  0.544125 0.077683 0.198575  0.995406 0.034705 0.003811 -0.089155  -0.178184 0.013775 0.068472
0.546000  0.544080 0.078552 0.198849  0.995665 0.032181 0.004047 -0.087171  -0.174221 0.013670 0.063427
0.548000  0.544034 0.079420 0.199090  0.995913 0.029686 0.004318 -0.085187  -0.170260 0.013659 0.058433
0.550000  0.543989 0.080289 0.199292  0.996151 0.027191 0.004596 -0.083204  -0.166297 0.013683 0.053439
0.552000  0.543927 0.081254 0.199474  0.996389 0.024184 0.004764 -0.081253  -0.162416 0.013423 0.047441
0.554000  0.543864 0.082219 0.199617  0.996613 0.021176 0.004940 -0.079302  -0.158535 0.013205 0.041441
0.556000  0.543787 0.083245 0.199863  0.996818 0.018196 0.005501 -0.077415  -0.154769 0.013784 0.035435
0.558000  0.543713 0.084307 0.200086  0.997026 0.015001 0.006062 -0.075350  -0.150654 0.014349 0.029006
0.560000  0.543640 0.085370 0.200268  0.997219 0.011808 0.006633 -0.073283  -0.146541 0.014960 0.022582
0.562000  0.543566 0.086432 0.200411  0.997398 0.008616 0.007214 -0.071214  -0.142432 0.015618 0.016163
0.564000  0.543501 0.087583 0.200551  0.997593 0.004889 0.007786 -0.068727  -0.137498 0.016207 0.008685
0.566000  0.543436 0.088734 0.200651  0.997768 0.001163 0.008372 -0.066238  -0.132568 0.016861 0.001212
0.568000  0.543395 0.089873 0.200856  0.997899 -0.002016 0.009375 -0.064075  -0.128293 0.018452 -0.005225
0.570000  0.543349 0.090975 0.201176  0.997979 -0.005048 0.009856 -0.062576  -0.125348 0.019041 -0.011310
0.572000  0.543312 0.092187 0.201497  0.998070 -0.008760 0.010322 -0.060607  -0.121483 0.019544 -0.018742
0.574000  0.543275 0.093398 0.201780  0.998143 -0.012471 0.010800 -0.058638  -0.117622 0.020098 -0.026171
0.576000  0.543237 0.094610 0.202022  0.998198 -0.016181 0.011288 -0.056668  -0.113767 0.020703 -0.033596
0.578000  0.543200 0.095822 0.202225  0.998235 -0.019889 0.011787 -0.054698  -0.109918 0.021358 -0.041018
0.580000  0.543163 0.097035 0.202388  0.998254 -0.023595 0.012296 -0.052727  -0.106075 0.022063 -0.048436
0.582000  0.543125 0.098247 0.202512  0.998256 -0.027300 0.012817 -0.050756  -0.102239 0.022819 -0.055850
0.584000  0.543087 0.099459 0.202596  0.998239 -0.031003 0.013348 -0.048784  -0.098410 0.023625 -0.063260
0.586000  0.543050 0.100671 0.202640  0.998204 -0.034705 0.013889 -0.046812  -0.094589 0.024482 -0.070665
0.588000  0.543005 0.101822 0.202892  0.998105 -0.038374 0.013606 -0.046136  -0.093302 0.023622 -0.077958
0.590000  0.542966 0.103140 0.203157  0.997968 -0.043181 0.013297 -0.044933  -0.090981 0.022661 -0.087516
0.592000  0.542928 0.104459 0.203382  0.997805 -0.047988 0.012995 -0.043734  -0.088660 0.021737 -0.097078
0.594000  0.542890 0.105778 0.203567  0.997618 -0.052795 0.012701 -0.042537  -0.086338 0.020851 -0.106645
0.596000  0.542852 0.107096 0.203713  0.997406 -0.057602 0.012413 -0.041343  -0.084017 0.020001 -0.116216
0.598000  0.542814 0.108415 0.203819  0.997169 -0.062408 0.012133 -0.040152  -0.081697 0.019187 -0.125792
0.600000  0.542775 0.109735 0.203886  0.996907 -0.067214 0.011860 -0.038964  -0.079379 0.018410 -0.135372
0.602000  0.542737 0.111054 0.203912  0.996620 -0.072018 0.011595 -0.037780  -0.077062 0.017670 -0.144956
0.604000  0.542692 0.112323 0.204092  0.996257 -0.076975 0.010646 -0.037860  -0.077161 0.015384 -0.154815
0.606000  0.542647 0.113593 0.204232  0.995868 -0.081929 0.009694 -0.037945  -0.077249 0.013091 -0.164673
0.608000  0.542608 0.114852 0.204441  0.995485 -0.086955 0.009362 -0.036887  -0.075146 0.012225 -0.174716
0.610000  0.542568 0.116112 0.204610  0.995075 -0.091980 0.009036 -0.035833  -0.073045 0.011392 -0.184763
0.612000  0.542529 0.117371 0.204740  0.994638 -0.097003 0.008717 -0.034782  -0.070946 0.010592 -0.194814
0.614000  0.542490 0.118631 0.204830  0.994174 -0.102025 0.008403 -0.033735  -0.068850 0.009825 -0.204868
0.616000  0.542450 0.119891 0.204880  0.993684 -0.107045 0.008096 -0.032692  -0.066756 0.009091 -0.214926
0.618000  0.542424 0.121147 0.204988  0.993183 -0.112080 0.008228 -0.030963  -0.063394 0.009403 -0.225046
0.620000  0.542397 0.122403 0.205056  0.992653 -0.117112 0.008372 -0.029238  -0.060045 0.009773 -0.235166
0.622000  0.542371 0.123641 0.205189  0.992079 -0.122290 0.008599 -0.027386  -0.056474 0.010364 -0.245587
0.624000  0.542345 0.124878 0.205283  0.991475 -0.127463 0.008840 -0.025537  -0.052920 0.011019 -0.256008
0.626000  0.542319 0.126115 0.205336  0.990840 -0.132634 0.009094 -0.023691  -0.049385 0.011737 -0.266427
0.628000  0.542293 0.127353 0.205350  0.990175 -0.137800 0.009361 -0.021849  -0.045869 0.012517 -0.276845
0.630000  0.542266 0.128590 0.205324  0.989479 -0.142962 0.009642 -0.020011  -0.042374 0.013359 -0.287262
0.632000  0.542250 0.129809 0.205403  0.988726 -0.148296 0.009909 -0.018190  -0.038922 0.014201 -0.298031
0.634000  0.542233 0.131028 0.205442  0.987941 -0.153625 0.010191 -0.016372  -0.035492 0.015106 -0.308798
0.636000  0.542215 0.132246 0.205442  0.987124 -0.158950 0.010485 -0.014559  -0.032086 0.016073 -0.319564
0.638000  0.542198 0.133465 0.205402  0.986274 -0.164270 0.010793 -0.012750  -0.028703 0.017102 -0.330327
0.640000  0.542191 0.134674 0.205422  0.985371 -0.169704 0.011036 -0.011037  -0.025504 0.018004 -0.341330
0.642000  0.542185 0.135884 0.205403  0.984436 -0.175133 0.011291 -0.009329  -0.022328 0.018965 -0.352332
0.644000  0.542178 0.137093 0.205344  0.983467 -0.180557 0.011559 -0.007625  -0.019177 0.019984 -0.363331
0.646000  0.542171 0.138303 0.205245  0.982465 -0.185974 0.011840 -0.005926  -0.016052 0.021062 -0.374329
0.648000  0.542177 0.139504 0.205215  0.981398 -0.191559 0.012033 -0.004339  -0.013130 0.021957 -0.385677
0.650000  0.542183 0.140696 0.205191  0.980269 -0.197268 0.012200 -0.002838  -0.010381 0.022801 -0.397292
0.652000  0.542189 0.141888 0.205127  0.979106 -0.202971 0.012378 -0.001343  -0.007657 0.023696 -0.408906
0.654000  0.542195 0.143081 0.205024  0.977906 -0.208667 0.012568 0.000148  -0.004958 0.024644 -0.420519
0.656000  0.542206 0.144264 0.204951  0.976635 -0.214527 0.012633 0.001417  -0.002654 0.025287 -0.432483
0.658000  0.542218 0.145444 0.204857  0.975318 -0.220426 0.012673 0.002624  -0.000468 0.025880 -0.444547
0.660000  0.542230 0.146625 0.204723  0.973963 -0.226318 0.012720 0.003827  0.001697 0.026514 -0.456610
0.662000  0.542246 0.147800 0.204594  0.972544 -0.232323 0.012689 0.004886  0.003609 0.026954 -0.468926
0.664000  0.542261 0.148976 0.204426  0.971086 -0.238319 0.012664 0.005940  0.005503 0.027430 -0.481242
0.666000  0.542275 0.150155 0.204270  0.969580 -0.244346 0.012652 0.006988  0.007371 0.027953 -0.493641
0.668000  0.542288 0.151337 0.204096  0.968031 -0.250383 0.012650 0.008031  0.009217 0.028518 -0.506079
0.670000  0.542301 0.152518 0.203882  0.966442 -0.256411 0.012656 0.009068  0.011043 0.029117 -0.518519
0.672000  0.542312 0.153705 0.203679  0.964802 -0.262479 0.012674 0.010097  0.012837 0.029761 -0.531062
0.674000  0.542323 0.154894 0.203458  0.963115 -0.268562 0.012703 0.011120  0.014605 0.030446 -0.543656
0.676000  0.542334 0.156083 0.203196  0.961388 -0.274633 0.012738 0.012137  0.016350 0.031164 -0.556250
0.678000  0.542342 0.157278 0.202945  0.959604 -0.280755 0.012787 0.013145  0.018058 0.031927 -0.568971
0.680000  0.542351 0.158475 0.202674  0.957772 -0.286894 0.012846 0.014145  0.019736 0.032729 -0.581753
0.682000  0.542359 0.159672 0.202364  0.955899 -0.293022 0.012911 0.015139  0.021390 0.033562 -0.594535
0.684000  0.542365 0.160876 0.202061  0.953963 -0.299209 0.012990 0.016122  0.023001 0.034439 -0.607465
0.686000  0.542372 0.162080 0.201719  0.951986 -0.305383 0.013076 0.017099  0.024587 0.035347 -0.620396
0.688000  0.542377 0.163290 0.201382  0.949943 -0.311622 0.013175 0.018063  0.026127 0.036297 -0.633488
0.690000  0.542381 0.164503 0.201024  0.947846 -0.317883 0.013285 0.019019  0.027631 0.037284 -0.646657
0.692000  0.542385 0.165716 0.200627  0.945707 -0.324131 0.013401 0.019969  0.029107 0.038301 -0.659826
0.694000  0.542388 0.166935 0.200233  0.943494 -0.330452 0.013531 0.020904  0.030532 0.039359 -0.673181
0.696000  0.542390 0.168155 0.199800  0.941239 -0.336758 0.013667 0.021834  0.031928 0.040445 -0.686535
0.698000  0.542391 0.169382 0.199368  0.938906 -0.343142 0.013818 0.022749  0.033270 0.041571 -0.700088
0.700000  0.542392 0.170611 0.198913  0.936513 -0.349555 0.013979 0.023654  0.034570 0.042732 -0.713735
0.702000  0.542392 0.171840 0.198419  0.934075 -0.355951 0.014146 0.024553  0.035840 0.043919 -0.727382
0.704000  0.542391 0.173076 0.197924  0.931551 -0.362437 0.014324 0.025432  0.037045 0.045138 -0.741258
0.706000  0.542390 0.174311 0.197390  0.928981 -0.368905 0.014509 0.026305  0.038218 0.046382 -0.755134
0.708000  0.542388 0.175553 0.196853  0.926321 -0.375467 0.014706 0.027158  0.039326 0.047656 -0.769250
0.710000  0.542385 0.176795 0.196276  0.923614 -0.382009 0.014908 0.028004  0.040400 0.048954 -0.783366
0.712000  0.542381 0.178042 0.195693  0.920811 -0.388648 0.015124 0.028832  0.041406 0.050285 -0.797735
0.714000  0.542378 0.179289 0.195071  0.917959 -0.395267 0.015346 0.029653  0.042378 0.051638 -0.812103
0.716000  0.542372 0.180542 0.194441  0.915007 -0.401986 0.015583 0.030456  0.043281 0.053028 -0.826735
0.718000  0.542367 0.181794 0.193771  0.912004 -0.408682 0.015826 0.031252  0.044149 0.054438 -0.841367
0.720000  0.542360 0.183051 0.193092  0.908896 -0.415480 0.016088 0.032034  0.044947 0.055892 -0.856271
0.722000  0.542354 0.184307 0.192373  0.905736 -0.422254 0.016355 0.032808  0.045709 0.057365 -0.871177
0.724000  0.542346 0.185567 0.191642  0.902463 -0.429135 0.016642 0.033565  0.046397 0.058880 -0.886370
0.726000  0.542337 0.186828 0.190871  0.899137 -0.435990 0.016934 0.034316  0.047047 0.060412 -0.901565
0.728000  0.542328 0.188090 0.190086  0.895691 -0.442958 0.017242 0.035047  0.047616 0.061975 -0.917070
0.730000  0.542319 0.189352 0.189261  0.892190 -0.449899 0.017556 0.035770  0.048145 0.063555 -0.932575
0.732000  0.542308 0.190615 0.188420  0.888561 -0.456957 0.017886 0.036472  0.048591 0.065164 -0.948406
0.734000  0.542297 0.191877 0.187539  0.884875 -0.463985 0.018221 0.037167  0.048996 0.066787 -0.964238
0.736000  0.542286 0.193139 0.186639  0.881055 -0.471133 0.018573 0.037840  0.049313 0.068437 -0.980411
0.738000  0.542274 0.194400 0.185699  0.877175 -0.478249 0.018931 0.038506  0.049587 0.070100 -0.996585
0.740000  0.542262 0.195661 0.184719  0.873238 -0.485334 0.019294 0.039163  0.049819 0.071773 -1.012762
0.742000  0.542249 0.196920 0.183731  0.869103 -0.492636 0.019680 0.039790  0.049928 0.073477 -1.029514
0.744000  0.542235 0.198177 0.182711  0.864871 -0.499964 0.020066 0.040396  0.049972 0.075174 -1.046412
0.746000  0.542222 0.199433 0.181650  0.860577 -0.507256 0.020459 0.040995  0.049971 0.076878 -1.063311
0.748000  0.542208 0.200687 0.180566  0.856135 -0.514656 0.020847 0.041558  0.049875 0.078553 -1.080553
0.750000  0.542194 0.201940 0.179442  0.851629 -0.522018 0.021241 0.042113  0.049734 0.080232 -1.097799
0.752000  0.542181 0.203192 0.178278  0.847060 -0.529341 0.021639 0.042660  0.049549 0.081914 -1.115047
0.754000  0.542167 0.204439 0.177100  0.842276 -0.536865 0.022028 0.043156  0.049238 0.083543 -1.132871
0.756000  0.542153 0.205686 0.175883  0.837425 -0.544345 0.022422 0.043644  0.048883 0.085171 -1.150699
0.758000  0.542139 0.206933 0.174625  0.832507 -0.551782 0.022820 0.044123  0.048484 0.086797 -1.168530
0.760000  0.542125 0.208174 0.173351  0.827378 -0.559394 0.023210 0.044556  0.047968 0.088371 -1.186895
0.762000  0.542111 0.209415 0.172037  0.822179 -0.566958 0.023604 0.044981  0.047409 0.089940 -1.205263
0.764000  0.542097 0.210656 0.170683  0.816910 -0.574475 0.024003 0.045397  0.046806 0.091503 -1.223636
0.766000  0.542083 0.211896 0.169289  0.811572 -0.581942 0.024405 0.045805  0.046160 0.093058 -1.242012
0.768000  0.542069 0.213130 0.167888  0.805944 -0.589669 0.024795 0.046153  0.045370 0.094537 -1.261160
0.770000  0.542055 0.214363 0.166446  0.800242 -0.597341 0.025188 0.046492  0.044538 0.096004 -1.280311
0.772000  0.542040 0.215595 0.164965  0.794467 -0.604959 0.025585 0.046823  0.043665 0.097459 -1.299467
0.774000  0.542026 0.216827 0.163444  0.788619 -0.612521 0.025984 0.047145  0.042749 0.098900 -1.318628
0.776000  0.542012 0.218058 0.161883  0.782699 -0.620027 0.026387 0.047458  0.041792 0.100326 -1.337793
0.778000  0.541997 0.219282 0.160321  0.776408 -0.627852 0.026776 0.047703  0.040673 0.101654 -1.357931
0.780000  0.541983 0.220504 0.158719  0.770039 -0.635613 0.027167 0.047939  0.039514 0.102961 -1.378075
0.782000  0.541968 0.221726 0.157078  0.763592 -0.643310 0.027560 0.048165  0.038315 0.104249 -1.398222
0.784000  0.541954 0.222948 0.155396  0.757069 -0.650941 0.027956 0.048383  0.037078 0.105514 -1.418375
0.786000  0.541940 0.224168 0.153675  0.750469 -0.658507 0.028354 0.048592  0.035802 0.106758 -1.438532
0.788000  0.541925 0.225388 0.151914  0.743793 -0.666007 0.028755 0.048792  0.034488 0.107978 -1.458694
0.790000  0.541910 0.226599 0.150159  0.736645 -0.673879 0.029140 0.048915  0.032994 0.109073 -1.480057
0.792000  0.541896 0.227809 0.148364  0.729413 -0.681675 0.029526 0.049028  0.031465 0.110138 -1.501425
0.794000  0.541881 0.229018 0.146529  0.722100 -0.689393 0.029914 0.049132  0.029901 0.111173 -1.522798
0.796000  0.541866 0.230226 0.144655  0.714704 -0.697034 0.030303 0.049227  0.028303 0.112177 -1.544175
0.798000  0.541852 0.231434 0.142741  0.707228 -0.704595 0.030694 0.049313  0.026671 0.113149 -1.565556
0.800000  0.541837 0.232640 0.140787  0.699672 -0.712077 0.031087 0.049390  0.025006 0.114088 -1.586942
0.802000  0.541822 0.233846 0.138793  0.692036 -0.719478 0.031482 0.049458  0.023309 0.114994 -1.608332
0.804000  0.541712 0.234701 0.139062  0.690089 -0.722339 0.021007 0.039532  0.024304 0.086211 -1.615406
0.806000  0.541586 0.235548 0.139395  0.688231 -0.724817 0.010297 0.029539  0.025777 0.057024 -1.621834
0.808000  0.541457 0.236333 0.139981  0.686836 -0.726524 0.000351 0.020453  0.027602 0.030205 -1.626526
0.810000  0.541324 0.237110 0.140570  0.685408 -0.728006 -0.009455 0.011574  0.029636 0.003891 -1.630997
0.812000  0.541188 0.237871 0.141188  0.684857 -0.728418 -0.019244 0.002787  0.031867 -0.022301 -1.632778
0.814000  0.541048 0.238633 0.141765  0.684189 -0.728702 -0.029041 -0.005990  0.034176 -0.048488 -1.634614
0.816000  0.540903 0.239395 0.142302  0.683404 -0.728857 -0.038843 -0.014754  0.036566 -0.074668 -1.636509
0.818000  0.540754 0.240157 0.142799  0.682503 -0.728883 -0.048649 -0.023505  0.039042 -0.100841 -1.638466
0.820000  0.540609 0.240881 0.143409  0.681922 -0.728542 -0.057066 -0.030874  0.041368 -0.123125 -1.639429
0.822000  0.540462 0.241606 0.143978  0.681258 -0.728106 -0.065479 -0.038235  0.043730 -0.145407 -1.640438
0.824000  0.540311 0.242331 0.144507  0.680512 -0.727575 -0.073887 -0.045589  0.046132 -0.167686 -1.641496
0.826000  0.540168 0.243026 0.145109  0.680099 -0.726844 -0.080739 -0.051416  0.048280 -0.185628 -1.641716
0.828000  0.540023 0.243720 0.145670  0.679635 -0.726051 -0.087582 -0.057241  0.050435 -0.203571 -1.641965
0.830000  0.539876 0.244415 0.146192  0.679118 -0.725194 -0.094417 -0.063062  0.052597 -0.221513 -1.642245
0.832000  0.539728 0.245109 0.146673  0.678550 -0.724276 -0.101243 -0.068880  0.054769 -0.239455 -1.642555
0.834000  0.539578 0.245803 0.147114  0.677929 -0.723295 -0.108060 -0.074693  0.056951 -0.257397 -1.642897
0.836000  0.539425 0.246497 0.147515  0.677257 -0.722252 -0.114866 -0.080502  0.059145 -0.275339 -1.643271
0.838000  0.539286 0.247161 0.147990  0.677048 -0.721145 -0.119958 -0.084653  0.060940 -0.288515 -1.642708
0.840000  0.539145 0.247824 0.148426  0.676812 -0.720003 -0.125040 -0.088805  0.062723 -0.301692 -1.642156
0.842000  0.539004 0.248487 0.148822  0.676549 -0.718827 -0.130113 -0.092956  0.064492 -0.314872 -1.641617
0.844000  0.538862 0.249149 0.149178  0.676259 -0.717615 -0.135177 -0.097108  0.066249 -0.328053 -1.641089
0.846000  0.538718 0.249811 0.149494  0.675941 -0.716370 -0.140230 -0.101259  0.067993 -0.341236 -1.640572
0.848000  0.538574 0.250473 0.149770  0.675597 -0.715089 -0.145274 -0.105409  0.069725 -0.354421 -1.640067
0.850000  0.538429 0.251135 0.150007  0.675226 -0.713774 -0.150307 -0.109559  0.071445 -0.367607 -1.639574
0.852000  0.538306 0.251763 0.150325  0.675543 -0.712615 -0.152988 -0.111424  0.072581 -0.374176 -1.637941
0.854000  0.538183 0.252390 0.150604  0.675854 -0.711446 -0.155664 -0.113291  0.073696 -0.380747 -1.636304
0.856000  0.538060 0.253018 0.150844  0.676158 -0.710266 -0.158335 -0.115161  0.074791 -0.387320 -1.634663
0.858000  0.537936 0.253645 0.151045  0.676456 -0.709076 -0.161000 -0.117032  0.075866 -0.393895 -1.633019
0.860000  0.537812 0.254272 0.151206  0.676748 -0.707877 -0.163660 -0.118905  0.076920 -0.400473 -1.631371
0.862000  0.537688 0.254899 0.151327  0.677033 -0.706667 -0.166314 -0.120781  0.077954 -0.407053 -1.629718
0.864000  0.537564 0.255526 0.151410  0.677312 -0.705447 -0.168963 -0.122659  0.078967 -0.413634 -1.628061
0.866000  0.537440 0.256152 0.151452  0.677584 -0.704216 -0.171606 -0.124538  0.079960 -0.420218 -1.626399
0.868000  0.537315 0.256779 0.151456  0.677850 -0.702976 -0.174244 -0.126420  0.080931 -0.426804 -1.624732
0.870000  0.537214 0.257371 0.151549  0.678865 -0.701952 -0.174643 -0.126115  0.081337 -0.427032 -1.621877
0.872000  0.537113 0.257963 0.151603  0.679879 -0.700926 -0.175040 -0.125810  0.081741 -0.427261 -1.619022
0.874000  0.537013 0.258555 0.151618  0.680891 -0.699899 -0.175438 -0.125505  0.082143 -0.427491 -1.616166
0.876000  0.536912 0.259147 0.151593  0.681901 -0.698869 -0.175834 -0.125199  0.082545 -0.427722 -1.613310
0.878000  0.536811 0.259739 0.151529  0.682910 -0.697838 -0.176230 -0.124894  0.082945 -0.427954 -1.610453
0.880000  0.536710 0.260331 0.151426  0.683917 -0.696806 -0.176626 -0.124588  0.083344 -0.428187 -1.607596
0.882000  0.536623 0.260910 0.151387  0.684003 -0.697231 -0.175923 -0.122720  0.085079 -0.424420 -1.608292
0.884000  0.536537 0.261489 0.151309  0.684083 -0.697656 -0.175220 -0.120852  0.086808 -0.420651 -1.608984
0.886000  0.536450 0.262068 0.151191  0.684159 -0.698079 -0.174515 -0.118983  0.088531 -0.416882 -1.609675
0.888000  0.536363 0.262647 0.151034  0.684229 -0.698502 -0.173809 -0.117115  0.090248 -0.413111 -1.610363
0.890000  0.536276 0.263226 0.150838  0.684295 -0.698923 -0.173102 -0.115247  0.091960 -0.409339 -1.611048
0.892000  0.536189 0.263806 0.150603  0.684356 -0.699344 -0.172394 -0.113379  0.093665 -0.405566 -1.611731
0.894000  0.536102 0.264385 0.150328  0.684412 -0.699764 -0.171684 -0.111511  0.095365 -0.401792 -1.612412
0.896000  0.536047 0.264938 0.150146  0.685186 -0.700349 -0.168740 -0.107511  0.096471 -0.391772 -1.611841
0.898000  0.535990 0.265491 0.149924  0.685936 -0.700921 -0.165792 -0.103507  0.097585 -0.381751 -1.611276
0.900000  0.535934 0.266044 0.149662  0.686664 -0.701481 -0.162842 -0.099498  0.098708 -0.371729 -1.610719
0.902000  0.535877 0.266597 0.149361  0.687368 -0.702028 -0.159888 -0.095486  0.099839 -0.361707 -1.610168
0.904000  0.535824 0.267145 0.149056  0.687703 -0.703086 -0.156457 -0.090855  0.101352 -0.350056 -1.610854
0.906000  0.535771 0.267694 0.148711  0.688008 -0.704128 -0.153018 -0.086224  0.102847 -0.338403 -1.611539
0.908000  0.535718 0.268242 0.148326  0.688281 -0.705152 -0.149572 -0.081593  0.104324 -0.326750 -1.612223
0.910000  0.535663 0.268790 0.147902  0.688524 -0.706160 -0.146119 -0.076961  0.105784 -0.315095 -1.612906
0.912000  0.535608 0.269338 0.147438  0.688735 -0.707150 -0.142660 -0.072330  0.107226 -0.303440 -1.613589
0.914000  0.535612 0.269880 0.147126  0.689673 -0.707916 -0.137226 -0.066141  0.107655 -0.286845 -1.612463
0.916000  0.535614 0.270422 0.146775  0.690556 -0.708641 -0.131787 -0.059945  0.108115 -0.270249 -1.611359
0.918000  0.535615 0.270964 0.146383  0.691382 -0.709324 -0.126342 -0.053741  0.108606 -0.253651 -1.610275
0.920000  0.535615 0.271506 0.145951  0.692153 -0.709965 -0.120892 -0.047529  0.109126 -0.237053 -1.609211
0.922000  0.535613 0.272049 0.145479  0.692867 -0.710565 -0.115437 -0.041310  0.109675 -0.220454 -1.608166
0.924000  0.535609 0.272591 0.144967  0.693526 -0.711123 -0.109978 -0.035085  0.110252 -0.203853 -1.607138
0.926000  0.535604 0.273133 0.144415  0.694128 -0.711639 -0.104514 -0.028854  0.110857 -0.187252 -1.606128
0.928000  0.535598 0.273676 0.143823  0.694675 -0.712113 -0.099047 -0.022618  0.111488 -0.170650 -1.605133
0.930000  0.535589 0.274218 0.143192  0.695165 -0.712546 -0.093576 -0.016376  0.112147 -0.154048 -1.604154
0.932000  0.535632 0.274756 0.142697  0.696182 -0.712616 -0.086234 -0.008580  0.112176 -0.132687 -1.601587
0.934000  0.535672 0.275294 0.142162  0.697110 -0.712610 -0.078895 -0.000770  0.112299 -0.111324 -1.599050
0.936000  0.535710 0.275832 0.141586  0.697948 -0.712529 -0.071560 0.007054  0.112514 -0.089959 -1.596540
0.938000  0.535744 0.276371 0.140971  0.698698 -0.712372 -0.064228 0.014890  0.112819 -0.068592 -1.594053
0.940000  0.535825 0.276905 0.140510  0.699898 -0.711678 -0.055612 0.023758  0.112760 -0.044045 -1.589972
0.942000  0.535933 0.277439 0.140332  0.698308 -0.713419 -0.049333 0.031081  0.114080 -0.024554 -1.593605
0.944000  0.536038 0.277971 0.140113  0.696638 -0.715102 -0.043030 0.038379  0.115271 -0.005063 -1.597245
0.946000  0.536141 0.278502 0.139855  0.694888 -0.716728 -0.036706 0.045651  0.116335 0.014426 -1.600898
0.948000  0.536241 0.279033 0.139558  0.693059 -0.718297 -0.030360 0.052895  0.117270 0.033914 -1.604566
0.950000  0.536340 0.279562 0.139220  0.691150 -0.719807 -0.023993 0.060112  0.118075 0.053399 -1.608254
0.952000  0.536498 0.280086 0.139153  0.689979 -0.720497 -0.017532 0.067132  0.118492 0.072607 -1.609754
0.954000  0.536654 0.280609 0.139046  0.688734 -0.721129 -0.011063 0.074136  0.118854 0.091813 -1.611276
0.956000  0.536808 0.281132 0.138900  0.687417 -0.721703 -0.004585 0.081123  0.119161 0.111018 -1.612820
0.958000  0.536955 0.281585 0.139085  0.687023 -0.721478 0.000124 0.086422  0.119790 0.125200 -1.612193
0.960000  0.537102 0.282038 0.139231  0.686588 -0.721223 0.004831 0.091718  0.120432 0.139382 -1.611574
0.962000  0.537247 0.282477 0.139422  0.686230 -0.720907 0.008961 0.096442  0.121130 0.151934 -1.610842
0.964000  0.537390 0.282915 0.139574  0.685840 -0.720568 0.013090 0.101165  0.121843 0.164487 -1.610115
0.966000  0.537533 0.283354 0.139686  0.685417 -0.720205 0.017215 0.105885  0.122572 0.177040 -1.609392
0.968000  0.537674 0.283792 0.139759  0.684962 -0.719819 0.021338 0.110603  0.123316 0.189593 -1.608672
0.970000  0.537815 0.284230 0.139793  0.684474 -0.719409 0.025457 0.115319  0.124075 0.202146 -1.607956
0.972000  0.537953 0.284635 0.140003  0.684707 -0.718750 0.027109 0.117641  0.125140 0.207723 -1.606239
0.974000  0.538092 0.285039 0.140175  0.684941 -0.718085 0.028731 0.119939  0.126225 0.213222 -1.604508
0.976000  0.538230 0.285444 0.140309  0.685166 -0.717415 0.030350 0.122238  0.127328 0.218719 -1.602774
0.978000  0.538368 0.285848 0.140403  0.685384 -0.716741 0.031967 0.124538  0.128448 0.224216 -1.601036
0.980000  0.538505 0.286252 0.140458  0.685593 -0.716063 0.033581 0.126840  0.129586 0.229712 -1.599296
0.982000  0.538643 0.286657 0.140473  0.685795 -0.715380 0.035194 0.129144  0.130740 0.235208 -1.597551
0.984000  0.538780 0.287062 0.140450  0.685988 -0.714694 0.036804 0.131449  0.131912 0.240702 -1.595803
0.986000  0.538917 0.287446 0.140516  0.686649 -0.713878 0.036984 0.132375  0.133256 0.242148 -1.593439
0.988000  0.539055 0.287814 0.140635  0.686714 -0.713853 0.036406 0.132336  0.134048 0.241272 -1.593272
0.990000  0.539192 0.288181 0.140717  0.686761 -0.713851 0.035806 0.132268  0.134823 0.240325 -1.593172
0.992000  0.539330 0.288548 0.140760  0.686807 -0.713849 0.035205 0.132199  0.135598 0.239378 -1.593072
0.994000  0.539467 0.288915 0.140764  0.686854 -0.713846 0.034605 0.132131  0.136373 0.238432 -1.592971
0.996000  0.539605 0.289283 0.140728  0.686901 -0.713842 0.034004 0.132062  0.137147 0.237485 -1.592871
0.998000  0.539743 0.289650 0.140654  0.686947 -0.713838 0.033404 0.131994  0.137921 0.236538 -1.592772
1.000000  0.539880 0.290017 0.140540  0.686994 -0.713834 0.032803 0.131926  0.138695 0.235591 -1.592672
1.002000  0.540018 0.290372 0.140457  0.686587 -0.714429 0.031615 0.131112  0.139054 0.232851 -1.594248
1.004000  0.540155 0.290726 0.140339  0.686150 -0.715058 0.030390 0.130253  0.139396 0.230004 -1.595925
1.006000  0.540293 0.291080 0.140182  0.685712 -0.715685 0.029163 0.129396  0.139746 0.227156 -1.597600
1.008000  0.540430 0.291410 0.140134  0.685811 -0.716143 0.026273 0.126930  0.140287 0.219597 -1.598570
1.010000  0.540567 0.291740 0.140047  0.685902 -0.716590 0.023380 0.124464  0.140841 0.212038 -1.599540
1.012000  0.540704 0.292071 0.139921  0.685982 -0.717025 0.020486 0.121998  0.141407 0.204479 -1.600510
1.014000  0.540840 0.292401 0.139755  0.686053 -0.717449 0.017589 0.119533  0.141986 0.196921 -1.601479
1.016000  0.540976 0.292732 0.139550  0.686115 -0.717862 0.014689 0.117068  0.142577 0.189364 -1.602450
1.018000  0.541093 0.293064 0.139413  0.686558 -0.718056 0.010649 0.113665  0.143556 0.178809 -1.602748
1.020000  0.541174 0.293396 0.139419  0.687295 -0.718038 0.005796 0.109611  0.144840 0.166140 -1.602461
1.022000  0.541255 0.293729 0.139385  0.688006 -0.717987 0.000944 0.105552  0.146115 0.153470 -1.602183
1.024000  0.541334 0.294061 0.139313  0.688692 -0.717905 -0.003907 0.101487  0.147383 0.140800 -1.601916
1.026000  0.541413 0.294393 0.139200  0.689354 -0.717792 -0.008757 0.097418  0.148642 0.128129 -1.601657
1.028000  0.541469 0.294724 0.139152  0.688989 -0.718615 -0.013096 0.093354  0.149016 0.116387 -1.604187
1.030000  0.541525 0.295054 0.139065  0.688599 -0.719413 -0.017443 0.089294  0.149442 0.104647 -1.606718
1.032000  0.541579 0.295385 0.138939  0.688183 -0.720183 -0.021796 0.085239  0.149919 0.092909 -1.609250
1.034000  0.541596 0.295700 0.139043  0.688425 -0.720266 -0.026418 0.081177  0.150885 0.080651 -1.609897
1.036000  0.541611 0.296014 0.139108  0.688642 -0.720321 -0.031041 0.077114  0.151864 0.068394 -1.610551
1.038000  0.541627 0.296293 0.139301  0.689147 -0.720011 -0.035090 0.073677  0.152928 0.057764 -1.610167
1.040000  0.541643 0.296571 0.139456  0.689635 -0.719680 -0.039136 0.070236  0.153984 0.047133 -1.609791
1.042000  0.541658 0.296849 0.139570  0.690104 -0.719326 -0.043180 0.066793  0.155032 0.036502 -1.609421
1.044000  0.541672 0.297127 0.139645  0.690556 -0.718951 -0.047221 0.063346  0.156072 0.025871 -1.609059
1.046000  0.541687 0.297380 0.139797  0.691211 -0.718331 -0.050745 0.060441  0.157127 0.016683 -1.607959
1.048000  0.541702 0.297632 0.139909  0.691853 -0.717694 -0.054265 0.057533  0.158162 0.007495 -1.606864
1.050000  0.541717 0.297885 0.139982  0.692482 -0.717040 -0.057781 0.054620  0.159180 -0.001695 -1.605774
1.052000  0.541735 0.298110 0.140128  0.693306 -0.716178 -0.060215 0.052818  0.160177 -0.007840 -1.603877
1.054000  0.541753 0.298336 0.140236  0.694125 -0.715307 -0.062645 0.051013  0.161153 -0.013988 -1.601981
1.056000  0.541771 0.298561 0.140304  0.694938 -0.714427 -0.065072 0.049204  0.162108 -0.020137 -1.600087
1.058000  0.541789 0.298786 0.140332  0.695745 -0.713539 -0.067494 0.047392  0.163042 -0.026288 -1.598195
1.060000  0.541806 0.299011 0.140322  0.696546 -0.712642 -0.069912 0.045576  0.163955 -0.032440 -1.596304
1.062000  0.541828 0.299209 0.140387  0.697570 -0.711550 -0.071299 0.044823  0.164850 -0.035693 -1.593588
1.064000  0.541849 0.299392 0.140501  0.697789 -0.711232 -0.072987 0.043725  0.165731 -0.039672 -1.593172
1.066000  0.541869 0.299574 0.140582  0.697956 -0.710959 -0.074694 0.042605  0.166611 -0.043699 -1.592903
1.068000  0.541889 0.299757 0.140623  0.698121 -0.710682 -0.076400 0.041485  0.167488 -0.047726 -1.592634
1.070000  0.541909 0.299939 0.140625  0.698284 -0.710401 -0.078106 0.040365  0.168363 -0.051752 -1.592367
1.072000  0.541933 0.300101 0.140679  0.698632 -0.709974 -0.079028 0.040056  0.169233 -0.053572 -1.591444
1.074000  0.541956 0.300257 0.140727  0.698683 -0.709832 -0.080075 0.039611  0.170113 -0.055688 -1.591377
1.076000  0.541979 0.300413 0.140735  0.698733 -0.709688 -0.081122 0.039167  0.170993 -0.057804 -1.591309
1.078000  0.542005 0.300555 0.140762  0.698901 -0.709462 -0.081558 0.039355  0.171870 -0.058193 -1.590808
1.080000  0.542031 0.300693 0.140776  0.698808 -0.709495 -0.081969 0.039566  0.172762 -0.058451 -1.591036
1.082000  0.542057 0.300831 0.140751  0.698715 -0.709527 -0.082379 0.039776  0.173654 -0.058708 -1.591263
1.084000  0.542086 0.300956 0.140741  0.698734 -0.709482 -0.082207 0.040591  0.174544 -0.057316 -1.591076
1.086000  0.542115 0.301077 0.140714  0.698539 -0.709649 -0.082014 0.041424  0.175446 -0.055815 -1.591485
1.088000  0.542146 0.301191 0.140681  0.698408 -0.709769 -0.081475 0.042616  0.176346 -0.053336 -1.591649
1.090000  0.542177 0.301304 0.140608  0.698274 -0.709890 -0.080936 0.043807  0.177245 -0.050856 -1.591813
1.092000  0.542207 0.301412 0.140534  0.697797 -0.710339 -0.080538 0.044843  0.178153 -0.048710 -1.592961
1.094000  0.542259 0.301517 0.140515  0.697564 -0.710578 -0.079645 0.046259  0.178860 -0.045390 -1.593350
1.096000  0.542317 0.301622 0.140479  0.697383 -0.710769 -0.078636 0.047763  0.179521 -0.041794 -1.593569
1.098000  0.542374 0.301724 0.140426  0.696997 -0.711153 -0.077706 0.049178  0.180181 -0.038385 -1.594371
1.100000  0.542443 0.301824 0.140382  0.696729 -0.711430 -0.076517 0.050794  0.180740 -0.034357 -1.594789
1.102000  0.542517 0.301924 0.140321  0.696518 -0.711654 -0.075198 0.052508  0.181249 -0.030023 -1.595021
1.104000  0.542590 0.302019 0.140251  0.696038 -0.712131 -0.073976 0.054111  0.181747 -0.025915 -1.596013
1.106000  0.542664 0.302113 0.140151  0.695470 -0.712688 -0.072783 0.055676  0.182236 -0.021878 -1.597249
1.108000  0.542757 0.302205 0.140094  0.695106 -0.713057 -0.071111 0.057618  0.182552 -0.016690 -1.597818
1.110000  0.542855 0.302296 0.140020  0.694790 -0.713375 -0.069315 0.059657  0.182821 -0.011203 -1.598218
1.112000  0.542953 0.302384 0.139933  0.694232 -0.713917 -0.067603 0.061598  0.183077 -0.005912 -1.599297
1.114000  0.543052 0.302470 0.139816  0.693582 -0.714538 -0.065945 0.063494  0.183342 -0.000739 -1.600626
1.116000  0.543169 0.302556 0.139738  0.693116 -0.714977 -0.063805 0.065775  0.183447 0.005607 -1.601328
1.118000  0.543292 0.302640 0.139641  0.692692 -0.715364 -0.061536 0.068157  0.183507 0.012262 -1.601870
1.120000  0.543418 0.302727 0.139535  0.692019 -0.715971 -0.059507 0.070388  0.183692 0.018432 -1.603118
1.122000  0.543565 0.302811 0.139491  0.691600 -0.716326 -0.057337 0.072663  0.183739 0.024796 -1.603633
1.124000  0.543716 0.302893 0.139434  0.691233 -0.716615 -0.055101 0.074987  0.183762 0.031304 -1.603965
1.126000  0.543867 0.302974 0.139356  0.690693 -0.717059 -0.052940 0.077241  0.183785 0.037651 -1.604780
1.128000  0.544028 0.303052 0.139299  0.690141 -0.717500 -0.050762 0.079508  0.183798 0.044043 -1.605605
1.130000  0.544194 0.303126 0.139238  0.689662 -0.717855 -0.048483 0.081856  0.183780 0.050670 -1.606181
1.132000  0.544364 0.303195 0.139186  0.689279 -0.718098 -0.046111 0.084283  0.183748 0.057512 -1.606446
1.134000  0.544536 0.303261 0.139122  0.688949 -0.718272 -0.043682 0.086760  0.183709 0.064490 -1.606523
1.136000  0.544711 0.303325 0.139043  0.688409 -0.718633 -0.041379 0.089145  0.183703 0.071214 -1.607188
1.138000  0.544893 0.303385 0.138983  0.687993 -0.718857 -0.038973 0.091610  0.183675 0.078162 -1.607464
1.140000  0.545078 0.303441 0.138912  0.687629 -0.719008 -0.036503 0.094131  0.183640 0.085264 -1.607549
1.142000  0.545265 0.303498 0.138828  0.687029 -0.719375 -0.034154 0.096559  0.183621 0.092124 -1.608299
1.144000  0.545446 0.303531 0.138853  0.686768 -0.719419 -0.032076 0.098780  0.183743 0.098228 -1.608169
1.146000  0.545626 0.303560 0.138864  0.686562 -0.719399 -0.030043 0.100968  0.183894 0.104209 -1.607882
1.148000  0.545800 0.303583 0.138895  0.686523 -0.719226 -0.028252 0.102962  0.184148 0.109533 -1.607191
1.150000  0.545971 0.303603 0.138914  0.686556 -0.718983 -0.026567 0.104874  0.184452 0.114577 -1.606322
1.152000  0.546129 0.303623 0.138963  0.686708 -0.718649 -0.025254 0.106476  0.184877 0.118632 -1.605234
1.154000  0.546282 0.303643 0.138998  0.686604 -0.718559 -0.023825 0.108073  0.185089 0.122906 -1.604850
1.156000  0.546425 0.303663 0.139042  0.686583 -0.718407 -0.022646 0.109462  0.185382 0.126517 -1.604314
1.158000  0.546562 0.303684 0.139078  0.686616 -0.718215 -0.021629 0.110719  0.185728 0.129702 -1.603679
1.160000  0.546695 0.303704 0.139092  0.686479 -0.718183 -0.020530 0.111975  0.185928 0.133042 -1.603508
1.162000  0.546817 0.303724 0.139125  0.686448 -0.718077 -0.019732 0.112982  0.186225 0.135584 -1.603147
1.164000  0.546933 0.303744 0.139151  0.686474 -0.717931 -0.019095 0.113858  0.186575 0.137702 -1.602684
1.166000  0.547049 0.303765 0.139137  0.686498 -0.717785 -0.018459 0.114733  0.186927 0.139819 -1.602220
1.168000  0.547159 0.303785 0.139114  0.686234 -0.717916 -0.017674 0.115611  0.187015 0.142220 -1.602555
1.170000  0.547249 0.303805 0.139152  0.686154 -0.717925 -0.017391 0.116078  0.187267 0.143295 -1.602564
1.172000  0.547334 0.303826 0.139180  0.686126 -0.717898 -0.017250 0.116430  0.187566 0.143995 -1.602480
1.174000  0.547413 0.303846 0.139199  0.686153 -0.717835 -0.017258 0.116659  0.187915 0.144301 -1.602298
1.176000  0.547486 0.303867 0.139209  0.686237 -0.717733 -0.017420 0.116763  0.188315 0.144200 -1.602014
1.178000  0.547559 0.303887 0.139181  0.686322 -0.717632 -0.017582 0.116867  0.188714 0.144099 -1.601731
1.180000  0.547626 0.303908 0.139145  0.686088 -0.717838 -0.017578 0.116975  0.188817 0.144318 -1.602330
1.182000  0.547674 0.303928 0.139168  0.686033 -0.717925 -0.018055 0.116689  0.189080 0.143265 -1.602612
1.184000  0.547716 0.303949 0.139180  0.686030 -0.717977 -0.018674 0.116288  0.189391 0.141838 -1.602802
1.186000  0.547752 0.303970 0.139183  0.686083 -0.717991 -0.019443 0.115765  0.189751 0.140015 -1.602894
1.188000  0.547789 0.303990 0.139147  0.686134 -0.718005 -0.020212 0.115242  0.190111 0.138192 -1.602987
1.190000  0.547811 0.304011 0.139142  0.686316 -0.717929 -0.021337 0.114426  0.190587 0.135425 -1.602851
1.192000  0.547828 0.304032 0.139126  0.686227 -0.718113 -0.022327 0.113610  0.190820 0.132917 -1.603460
1.194000  0.547845 0.304053 0.139070  0.686138 -0.718296 -0.023318 0.112793  0.191054 0.130409 -1.604070
1.196000  0.547845 0.304074 0.139067  0.686214 -0.718362 -0.024778 0.111591  0.191441 0.126657 -1.604386
1.198000  0.547844 0.304095 0.139024  0.686289 -0.718425 -0.026239 0.110388  0.191830 0.122905 -1.604703
1.200000  0.547837 0.304115 0.138971  0.686074 -0.718764 -0.027565 0.109179  0.191970 0.119408 -1.605817
1.202000  0.547813 0.304136 0.138968  0.686018 -0.718988 -0.029359 0.107582  0.192262 0.114670 -1.606650
1.204000  0.547784 0.304157 0.138952  0.686007 -0.719172 -0.031299 0.105866  0.192604 0.109549 -1.607399
1.206000  0.547742 0.304179 0.138960  0.686185 -0.719170 -0.033434 0.104050  0.193119 0.103963 -1.607651
1.208000  0.547700 0.304200 0.138928  0.686358 -0.719163 -0.035569 0.102233  0.193636 0.098377 -1.607905
1.210000  0.547640 0.304221 0.138942  0.686751 -0.718922 -0.037726 0.100500  0.194333 0.092821 -1.607508
1.212000  0.547581 0.304242 0.138916  0.687139 -0.718676 -0.039881 0.098766  0.195026 0.087265 -1.607113
1.214000  0.547511 0.304263 0.138900  0.687061 -0.718879 -0.041860 0.096993  0.195357 0.082025 -1.608009
1.216000  0.547434 0.304268 0.138964  0.687201 -0.718815 -0.043278 0.095847  0.195797 0.078392 -1.608055
1.218000  0.547357 0.304266 0.139015  0.687384 -0.718697 -0.044600 0.094807  0.196251 0.075031 -1.607939
1.220000  0.547280 0.304259 0.139053  0.687612 -0.718524 -0.045821 0.093877  0.196721 0.071953 -1.607653
1.222000  0.547204 0.304246 0.139081  0.687890 -0.718293 -0.046944 0.093052  0.197201 0.069148 -1.607188
1.224000  0.547131 0.304230 0.139099  0.688233 -0.717993 -0.048002 0.092285  0.197676 0.066496 -1.606520
1.226000  0.547052 0.304214 0.139109  0.688299 -0.717967 -0.048969 0.091485  0.197947 0.064001 -1.606627
1.228000  0.546984 0.304196 0.139137  0.688514 -0.717799 -0.049904 0.090676  0.198172 0.061493 -1.606323
1.230000  0.546913 0.304179 0.139142  0.688577 -0.717781 -0.050791 0.089847  0.198287 0.059068 -1.606445
1.232000  0.546852 0.304158 0.139170  0.688790 -0.717616 -0.051596 0.089072  0.198373 0.056791 -1.606130
1.234000  0.546793 0.304133 0.139189  0.689067 -0.717385 -0.052343 0.088349  0.198451 0.054653 -1.605618
1.236000  0.546733 0.304114 0.139198  0.689108 -0.717384 -0.053153 0.087547  0.198492 0.052378 -1.605783
1.238000  0.546673 0.304104 0.139228  0.689176 -0.717354 -0.053886 0.086815  0.198523 0.050301 -1.605848
1.240000  0.546617 0.304090 0.139254  0.689322 -0.717244 -0.054556 0.086138  0.198545 0.048370 -1.605675
1.242000  0.546563 0.304073 0.139272  0.689534 -0.717068 -0.055168 0.085512  0.198561 0.046573 -1.605302
1.244000  0.546510 0.304060 0.139272  0.689567 -0.717066 -0.055856 0.084815  0.198575 0.044617 -1.605445
1.246000  0.546462 0.304042 0.139294  0.689739 -0.716927 -0.056436 0.084212  0.198574 0.042908 -1.605173
1.248000  0.546419 0.304021 0.139311  0.689984 -0.716713 -0.056918 0.083693  0.198553 0.041435 -1.604666
1.250000  0.546375 0.304007 0.139317  0.689997 -0.716725 -0.057512 0.083076  0.198543 0.039729 -1.604835
1.252000  0.546338 0.303991 0.139340  0.690143 -0.716605 -0.057938 0.082603  0.198499 0.038426 -1.604586
1.254000  0.546300 0.303980 0.139342  0.690144 -0.716625 -0.058435 0.082067  0.198463 0.036974 -1.604759
1.256000  0.546270 0.303965 0.139363  0.690282 -0.716510 -0.058759 0.081679  0.198392 0.035935 -1.604504
1.258000  0.546243 0.303948 0.139373  0.690483 -0.716332 -0.059001 0.081361  0.198304 0.035091 -1.604049
1.260000  0.546216 0.303937 0.139375  0.690446 -0.716386 -0.059364 0.080939  0.198232 0.033999 -1.604288
1.262000  0.546189 0.303929 0.139349  0.690319 -0.716527 -0.059772 0.080478  0.198168 0.032813 -1.604788
1.264000  0.546172 0.303918 0.139376  0.690416 -0.716447 -0.059898 0.080258  0.198046 0.032298 -1.604588
1.266000  0.546159 0.303905 0.139391  0.690573 -0.716309 -0.059951 0.080101  0.197909 0.031958 -1.604206
1.268000  0.546150 0.303889 0.139394  0.690791 -0.716111 -0.059927 0.080010  0.197755 0.031803 -1.603632
1.270000  0.546140 0.303881 0.139395  0.690709 -0.716204 -0.060057 0.079787  0.197626 0.031330 -1.603929
1.272000  0.546129 0.303877 0.139369  0.690541 -0.716380 -0.060230 0.079528  0.197503 0.030766 -1.604474
1.274000  0.546128 0.303870 0.139390  0.690590 -0.716344 -0.060134 0.079498  0.197326 0.030845 -1.604349
1.276000  0.546131 0.303861 0.139399  0.690698 -0.716251 -0.059965 0.079531  0.197133 0.031099 -1.604041
1.278000  0.546137 0.303850 0.139395  0.690868 -0.716097 -0.059718 0.079630  0.196924 0.031536 -1.603541
1.280000  0.546142 0.303847 0.139391  0.690737 -0.716234 -0.059625 0.079599  0.196740 0.031657 -1.603911
1.282000  0.546147 0.303847 0.139358  0.690523 -0.716452 -0.059575 0.079530  0.196562 0.031688 -1.604525
1.284000  0.546161 0.303845 0.139374  0.690525 -0.716458 -0.059255 0.079693  0.196328 0.032364 -1.604468
1.286000  0.546179 0.303841 0.139376  0.690586 -0.716407 -0.058862 0.079918  0.196080 0.033216 -1.604228
1.288000  0.546201 0.303834 0.139367  0.690709 -0.716295 -0.058390 0.080210  0.195816 0.034253 -1.603797
1.290000  0.546222 0.303835 0.139356  0.690537 -0.716469 -0.058067 0.080375  0.195574 0.034984 -1.604221
1.292000  0.546243 0.303840 0.139317  0.690280 -0.716724 -0.057786 0.080503  0.195337 0.035627 -1.604890
1.294000  0.546273 0.303842 0.139326  0.690239 -0.716768 -0.057235 0.080863  0.195043 0.036917 -1.604889
1.296000  0.546307 0.303841 0.139322  0.690256 -0.716753 -0.056608 0.081286  0.194735 0.038385 -1.604706
1.298000  0.546345 0.303839 0.139306  0.690334 -0.716677 -0.055903 0.081777  0.194413 0.040043 -1.604331
1.300000  0.546383 0.303843 0.139288  0.690118 -0.716886 -0.055364 0.082136  0.194129 0.041361 -1.604813
1.302000  0.546421 0.303850 0.139241  0.689818 -0.717176 -0.054866 0.082460  0.193848 0.042595 -1.605539
1.304000  0.546464 0.303871 0.139247  0.689554 -0.717426 -0.054210 0.082922  0.193535 0.044234 -1.606117
1.306000  0.546511 0.303887 0.139252  0.689371 -0.717593 -0.053418 0.083511  0.193210 0.046221 -1.606428
1.308000  0.546561 0.303900 0.139251  0.689261 -0.717687 -0.052567 0.084152  0.192876 0.048343 -1.606521
1.310000  0.546614 0.303908 0.139239  0.689213 -0.717718 -0.051663 0.084840  0.192537 0.050591 -1.606425
1.312000  0.546670 0.303914 0.139218  0.689229 -0.717683 -0.050703 0.085579  0.192193 0.052970 -1.606133
1.314000  0.546729 0.303916 0.139187  0.689309 -0.717582 -0.049684 0.086370  0.191844 0.055487 -1.605643
1.316000  0.546790 0.303923 0.139157  0.689067 -0.717793 -0.048870 0.087012  0.191557 0.057596 -1.606092
1.318000  0.546853 0.303933 0.139141  0.688962 -0.717865 -0.047919 0.087782  0.191263 0.060038 -1.606119
1.320000  0.546918 0.303945 0.139105  0.688703 -0.718084 -0.047076 0.088478  0.191006 0.062268 -1.606594
1.322000  0.546986 0.303956 0.139090  0.688590 -0.718152 -0.046081 0.089315  0.190742 0.064867 -1.606611
1.324000  0.547057 0.303964 0.139065  0.688541 -0.718155 -0.045026 0.090206  0.190474 0.067610 -1.606432
1.326000  0.547129 0.303977 0.139030  0.688257 -0.718385 -0.044082 0.091004  0.190214 0.070130 -1.606933
1.328000  0.547204 0.303990 0.139012  0.688112 -0.718472 -0.042999 0.091929  0.189944 0.072986 -1.607003
1.330000  0.547280 0.304006 0.138973  0.687822 -0.718698 -0.042008 0.092789  0.189702 0.075659 -1.607491
1.332000  0.547361 0.304020 0.138954  0.687674 -0.718775 -0.040867 0.093788  0.189453 0.078700 -1.607535
1.334000  0.547445 0.304031 0.138925  0.687587 -0.718787 -0.039663 0.094844  0.189202 0.081893 -1.607383
1.336000  0.547529 0.304047 0.138885  0.687267 -0.719026 -0.038557 0.095814  0.188945 0.084889 -1.607907
1.338000  0.547603 0.304058 0.138897  0.687178 -0.719039 -0.037571 0.096736  0.188820 0.087590 -1.607803
1.340000  0.547675 0.304065 0.138900  0.687162 -0.718983 -0.036641 0.097619  0.188728 0.090137 -1.607513
1.342000  0.547748 0.304076 0.138885  0.686975 -0.719093 -0.035768 0.098445  0.188619 0.092570 -1.607711
1.344000  0.547813 0.304082 0.138891  0.686940 -0.719055 -0.034963 0.099254  0.188603 0.094846 -1.607494
1.346000  0.547876 0.304083 0.138889  0.686978 -0.718948 -0.034211 0.100026  0.188620 0.096973 -1.607087
1.348000  0.547939 0.304091 0.138876  0.686789 -0.719063 -0.033532 0.100724  0.188610 0.098956 -1.607335
1.350000  0.547995 0.304097 0.138882  0.686751 -0.719030 -0.032910 0.101421  0.188698 0.100818 -1.607163
1.352000  0.548049 0.304105 0.138865  0.686567 -0.719139 -0.032292 0.102085  0.188728 0.102666 -1.607405
1.354000  0.548093 0.304109 0.138882  0.686602 -0.719053 -0.031943 0.102563  0.188910 0.103818 -1.607116
1.356000  0.548135 0.304110 0.138888  0.686720 -0.718896 -0.031708 0.102950  0.189140 0.104663 -1.606633
1.358000  0.548171 0.304110 0.138882  0.686579 -0.718992 -0.031363 0.103325  0.189157 0.105711 -1.606871
1.360000  0.548196 0.304111 0.138893  0.686615 -0.718926 -0.031201 0.103599  0.189319 0.106314 -1.606661
1.362000  0.548218 0.304112 0.138883  0.686486 -0.719021 -0.030982 0.103860  0.189357 0.107022 -1.606912
1.364000  0.548231 0.304110 0.138894  0.686540 -0.718951 -0.030976 0.103982  0.189529 0.107188 -1.606711
1.366000  0.548241 0.304109 0.138884  0.686432 -0.719042 -0.030906 0.104093  0.189572 0.107471 -1.606965
1.368000  0.548242 0.304104 0.138894  0.686506 -0.718969 -0.031049 0.104066  0.189749 0.107215 -1.606770
1.370000  0.548240 0.304097 0.138894  0.686665 -0.718822 -0.031307 0.103947  0.189975 0.106647 -1.606377
1.372000  0.548233 0.304091 0.138884  0.686550 -0.718946 -0.031483 0.103803  0.190006 0.106228 -1.606755
1.374000  0.548226 0.304088 0.138847  0.686344 -0.719158 -0.031685 0.103631  0.190023 0.105757 -1.607394
1.376000  0.548202 0.304082 0.138866  0.686433 -0.719102 -0.032207 0.103272  0.190277 0.104499 -1.607293
1.378000  0.548176 0.304075 0.138872  0.686600 -0.718977 -0.032837 0.102828  0.190575 0.102952 -1.607009
1.380000  0.548144 0.304066 0.138864  0.686531 -0.719084 -0.033366 0.102371  0.190678 0.101588 -1.607385
1.382000  0.548102 0.304058 0.138872  0.686632 -0.719034 -0.034079 0.101809  0.190920 0.099775 -1.607330
1.384000  0.548058 0.304046 0.138870  0.686816 -0.718911 -0.034907 0.101156  0.191209 0.097649 -1.607080
1.386000  0.548008 0.304035 0.138856  0.686729 -0.719053 -0.035625 0.100485  0.191279 0.095724 -1.607585
1.388000  0.547950 0.304023 0.138877  0.686842 -0.719004 -0.036450 0.099766  0.191462 0.093530 -1.607556
1.390000  0.547891 0.304006 0.138887  0.687025 -0.718888 -0.037327 0.099010  0.191676 0.091191 -1.607344
1.392000  0.547828 0.303991 0.138882  0.686997 -0.718979 -0.038149 0.098229  0.191749 0.088950 -1.607722
1.394000  0.547761 0.303976 0.138897  0.687137 -0.718911 -0.039079 0.097382  0.191906 0.086419 -1.607662
1.396000  0.547690 0.303962 0.138889  0.687127 -0.718988 -0.039972 0.096516  0.191965 0.083955 -1.608020
1.398000  0.547615 0.303945 0.138904  0.687283 -0.718908 -0.040980 0.095575  0.192104 0.081178 -1.607942
1.400000  0.547547 0.303922 0.138940  0.687569 -0.718693 -0.041861 0.094747  0.192235 0.078705 -1.607462
1.402000  0.547482 0.303896 0.138964  0.687914 -0.718416 -0.042681 0.093975  0.192360 0.076379 -1.606794
1.404000  0.547414 0.303876 0.138985  0.687966 -0.718426 -0.043561 0.093115  0.192418 0.073923 -1.606969
1.406000  0.547347 0.303858 0.138977  0.687930 -0.718519 -0.044473 0.092225  0.192471 0.071402 -1.607393
1.408000  0.547289 0.303840 0.139019  0.688115 -0.718390 -0.045203 0.091488  0.192501 0.069293 -1.607147
1.410000  0.547233 0.303818 0.139049  0.688358 -0.718201 -0.045877 0.090802  0.192527 0.067319 -1.606721
1.412000  0.547181 0.303794 0.139069  0.688663 -0.717950 -0.046492 0.090169  0.192547 0.065486 -1.606106
1.414000  0.547127 0.303777 0.139084  0.688684 -0.717974 -0.047222 0.089429  0.192558 0.063415 -1.606308
1.416000  0.547074 0.303762 0.139071  0.688619 -0.718082 -0.047989 0.088656  0.192568 0.061271 -1.606761
1.418000  0.547021 0.303761 0.139110  0.688588 -0.718149 -0.048620 0.088008  0.192562 0.059482 -1.607072
1.420000  0.546973 0.303756 0.139151  0.688647 -0.718125 -0.049170 0.087432  0.192549 0.057884 -1.607108
1.422000  0.546927 0.303747 0.139181  0.688766 -0.718041 -0.049666 0.086905  0.192531 0.056416 -1.606960
1.424000  0.546884 0.303734 0.139200  0.688948 -0.717893 -0.050106 0.086429  0.192508 0.055081 -1.606620
1.426000  0.546844 0.303719 0.139210  0.689194 -0.717681 -0.050487 0.086004  0.192478 0.053882 -1.606084
1.428000  0.546808 0.303699 0.139211  0.689507 -0.717402 -0.050810 0.085632  0.192442 0.052822 -1.605346
1.430000  0.546770 0.303689 0.139214  0.689490 -0.717445 -0.051280 0.085129  0.192410 0.051459 -1.605563
1.432000  0.546733 0.303682 0.139189  0.689381 -0.717577 -0.051791 0.084589  0.192379 0.050011 -1.606045
1.434000  0.546703 0.303670 0.139217  0.689492 -0.717490 -0.052121 0.084209  0.192328 0.048984 -1.605864
1.436000  0.546676 0.303655 0.139234  0.689665 -0.717343 -0.052398 0.083876  0.192271 0.048081 -1.605498
1.438000  0.546653 0.303638 0.139253  0.689837 -0.717196 -0.052667 0.083552  0.192213 0.047200 -1.605128
1.440000  0.546629 0.303628 0.139258  0.689821 -0.717232 -0.053022 0.083150  0.192159 0.046140 -1.605305
1.442000  0.546605 0.303620 0.139234  0.689712 -0.717358 -0.053421 0.082711  0.192110 0.044991 -1.605750
1.444000  0.546581 0.303624 0.139260  0.689637 -0.717447 -0.053687 0.082393  0.192043 0.044190 -1.606062
1.446000  0.546561 0.303623 0.139287  0.689652 -0.717445 -0.053827 0.082189  0.191958 0.043703 -1.606088
1.448000  0.546546 0.303621 0.139302  0.689728 -0.717384 -0.053886 0.082053  0.191857 0.043408 -1.605923
1.450000  0.546534 0.303616 0.139307  0.689867 -0.717259 -0.053863 0.081989  0.191741 0.043311 -1.605560
1.452000  0.546526 0.303608 0.139300  0.690070 -0.717071 -0.053755 0.081996  0.191609 0.043418 -1.604995
1.454000  0.546519 0.303607 0.139290  0.689996 -0.717151 -0.053802 0.081882  0.191510 0.043211 -1.605236
1.456000  0.546517 0.303611 0.139299  0.689937 -0.717216 -0.053780 0.081828  0.191399 0.043181 -1.605419
1.458000  0.546519 0.303611 0.139304  0.689951 -0.717207 -0.053645 0.081877  0.191275 0.043434 -1.605363
1.460000  0.546525 0.303608 0.139299  0.690031 -0.717132 -0.053424 0.082000  0.191135 0.043895 -1.605102
1.462000  0.546532 0.303611 0.139279  0.689916 -0.717247 -0.053304 0.082040  0.191011 0.044150 -1.605407
1.464000  0.546547 0.303608 0.139278  0.689935 -0.717230 -0.053021 0.082216  0.190851 0.044789 -1.605298
1.466000  0.546565 0.303602 0.139271  0.690025 -0.717143 -0.052680 0.082442  0.190683 0.045560 -1.604977
1.468000  0.546583 0.303603 0.139254  0.689876 -0.717288 -0.052450 0.082572  0.190524 0.046103 -1.605346
1.470000  0.546603 0.303604 0.139255  0.689869 -0.717292 -0.052093 0.082818  0.190355 0.046951 -1.605284
1.472000  0.546624 0.303608 0.139234  0.689720 -0.717435 -0.051802 0.083006  0.190189 0.047664 -1.605636
1.474000  0.546649 0.303609 0.139236  0.689713 -0.717437 -0.051386 0.083307  0.190012 0.048672 -1.605556
1.476000  0.546677 0.303606 0.139227  0.689771 -0.717373 -0.050914 0.083658  0.189830 0.049810 -1.605279
1.478000  0.546705 0.303609 0.139209  0.689601 -0.717533 -0.050546 0.083917  0.189653 0.050735 -1.605666
1.480000  0.546736 0.303612 0.139207  0.689570 -0.717554 -0.050051 0.084292  0.189465 0.051964 -1.605628
1.482000  0.546767 0.303618 0.139184  0.689397 -0.717712 -0.049626 0.084608  0.189285 0.053049 -1.606001
1.484000  0.546801 0.303632 0.139186  0.689246 -0.717847 -0.049148 0.084973  0.189097 0.054272 -1.606296
1.486000  0.546837 0.303640 0.139185  0.689168 -0.717907 -0.048579 0.085426  0.188910 0.055727 -1.606359
1.488000  0.546876 0.303645 0.139174  0.689155 -0.717900 -0.047953 0.085933  0.188719 0.057319 -1.606223
1.490000  0.546921 0.303648 0.139166  0.689143 -0.717894 -0.047346 0.086420  0.188530 0.058858 -1.606093
1.492000  0.546966 0.303655 0.139139  0.688967 -0.718047 -0.046809 0.086845  0.188340 0.060255 -1.606433
1.494000  0.547013 0.303660 0.139127  0.688919 -0.718068 -0.046121 0.087418  0.188151 0.062037 -1.606371
1.496000  0.547063 0.303662 0.139106  0.688936 -0.718022 -0.045372 0.088046  0.187959 0.063965 -1.606106
1.498000  0.547113 0.303670 0.139078  0.688701 -0.718223 -0.044726 0.088580  0.187761 0.065681 -1.606570
1.500000  0.547162 0.303681 0.139022  0.688375 -0.718512 -0.044118 0.089079  0.187558 0.067320 -1.607298
1.502000  0.547219 0.303690 0.139022  0.688281 -0.718565 -0.043288 0.089778  0.187339 0.069489 -1.607311
1.504000  0.547279 0.303696 0.139011  0.688246 -0.718557 -0.042402 0.090527  0.187116 0.071794 -1.607143
1.506000  0.547342 0.303698 0.138989  0.688271 -0.718486 -0.041457 0.091331  0.186891 0.074242 -1.606786
1.508000  0.547404 0.303709 0.138963  0.688011 -0.718694 -0.040620 0.092033  0.186650 0.076468 -1.607252
1.510000  0.547466 0.303722 0.138908  0.687662 -0.718987 -0.039815 0.092704  0.186401 0.078628 -1.607974
1.512000  0.547536 0.303733 0.138904  0.687531 -0.719057 -0.038800 0.093562  0.186137 0.081291 -1.608023
1.514000  0.547608 0.303742 0.138888  0.687456 -0.719066 -0.037726 0.094474  0.185870 0.084096 -1.607893
1.516000  0.547678 0.303742 0.138890  0.687518 -0.718946 -0.036757 0.095310  0.185664 0.086611 -1.607411
1.518000  0.547747 0.303748 0.138883  0.687336 -0.719065 -0.035876 0.096063  0.185438 0.088951 -1.607633
1.520000  0.547808 0.303755 0.138891  0.687298 -0.719041 -0.035045 0.096819  0.185309 0.091188 -1.607452
1.522000  0.547869 0.303764 0.138877  0.687118 -0.719154 -0.034265 0.097529  0.185168 0.093324 -1.607678
1.524000  0.547923 0.303769 0.138885  0.687094 -0.719118 -0.033563 0.098207  0.185116 0.095267 -1.607486
1.526000  0.547976 0.303769 0.138886  0.687142 -0.719015 -0.032915 0.098847  0.185098 0.097064 -1.607106
1.528000  0.548029 0.303775 0.138874  0.686970 -0.719127 -0.032336 0.099418  0.185052 0.098721 -1.607360
1.530000  0.548074 0.303778 0.138881  0.686949 -0.719091 -0.031815 0.099984  0.185103 0.100252 -1.607196
1.532000  0.548119 0.303785 0.138865  0.686785 -0.719196 -0.031320 0.100512  0.185117 0.101730 -1.607440
1.534000  0.548153 0.303788 0.138881  0.686831 -0.719113 -0.031081 0.100862  0.185278 0.102548 -1.607174
1.536000  0.548185 0.303789 0.138885  0.686961 -0.718958 -0.030957 0.101122  0.185487 0.103056 -1.606713
1.538000  0.548212 0.303789 0.138878  0.686827 -0.719061 -0.030728 0.101367  0.185487 0.103755 -1.606985
1.540000  0.548227 0.303789 0.138889  0.686870 -0.719002 -0.030683 0.101511  0.185633 0.104010 -1.606810
1.542000  0.548240 0.303790 0.138878  0.686748 -0.719104 -0.030581 0.101642  0.185656 0.104368 -1.607093
1.544000  0.548243 0.303788 0.138888  0.686811 -0.719041 -0.030695 0.101631  0.185814 0.104178 -1.606925
1.546000  0.548243 0.303787 0.138876  0.686711 -0.719137 -0.030745 0.101610  0.185842 0.104106 -1.607209
1.548000  0.548234 0.303782 0.138886  0.686793 -0.719070 -0.031009 0.101448  0.186004 0.103487 -1.607044
1.550000  0.548222 0.303775 0.138885  0.686961 -0.718929 -0.031390 0.101194  0.186214 0.102555 -1.606681
1.552000  0.548205 0.303769 0.138874  0.686854 -0.719058 -0.031688 0.100914  0.186230 0.101771 -1.607088
1.554000  0.548188 0.303765 0.138835  0.686657 -0.719275 -0.032014 0.100605  0.186233 0.100932 -1.607755
1.556000  0.548154 0.303760 0.138853  0.686754 -0.719223 -0.032664 0.100105  0.186472 0.099294 -1.607683
1.558000  0.548118 0.303749 0.138868  0.686937 -0.719089 -0.033370 0.099570  0.186754 0.097508 -1.607384
1.560000  0.548080 0.303735 0.138874  0.687191 -0.718890 -0.034126 0.098999  0.187066 0.095582 -1.606904
1.562000  0.548036 0.303720 0.138873  0.687128 -0.719001 -0.034761 0.098405  0.187130 0.093875 -1.607307
1.564000  0.547991 0.303708 0.138844  0.686979 -0.719196 -0.035424 0.097784  0.187185 0.092111 -1.607958
1.566000  0.547937 0.303696 0.138870  0.687090 -0.719142 -0.036225 0.097104  0.187388 0.090005 -1.607911
1.568000  0.547881 0.303680 0.138885  0.687269 -0.719025 -0.037077 0.096386  0.187622 0.087757 -1.607690
1.570000  0.547823 0.303660 0.138891  0.687518 -0.718840 -0.037983 0.095629  0.187885 0.085360 -1.607285
1.572000  0.547761 0.303641 0.138889  0.687476 -0.718941 -0.038831 0.094830  0.187971 0.083059 -1.607699
1.574000  0.547698 0.303625 0.138859  0.687347 -0.719125 -0.039710 0.094002  0.188052 0.080696 -1.608363
1.576000  0.547649 0.303609 0.138908  0.687514 -0.719012 -0.040348 0.093373  0.188100 0.078874 -1.608133
1.578000  0.547601 0.303591 0.138943  0.687735 -0.718843 -0.040931 0.092793  0.188145 0.077185 -1.607735
1.580000  0.547557 0.303569 0.138966  0.688014 -0.718614 -0.041455 0.092266  0.188185 0.075636 -1.607157
1.582000  0.547513 0.303554 0.138980  0.688048 -0.718623 -0.042072 0.091652  0.188210 0.073900 -1.607283
1.584000  0.547472 0.303539 0.139006  0.688209 -0.718504 -0.042571 0.091142  0.188225 0.072440 -1.607021
1.586000  0.547432 0.303528 0.139012  0.688223 -0.718530 -0.043127 0.090579  0.188232 0.070864 -1.607185
1.588000  0.547396 0.303513 0.139036  0.688372 -0.718417 -0.043555 0.090131  0.188231 0.069595 -1.606932
1.590000  0.547364 0.303499 0.139059  0.688522 -0.718302 -0.043952 0.089711  0.188226 0.068409 -1.606666
1.592000  0.547331 0.303489 0.139061  0.688522 -0.718333 -0.044409 0.089237  0.188214 0.067101 -1.606833
1.594000  0.547303 0.303476 0.139079  0.688650 -0.718234 -0.044741 0.088876  0.188196 0.066093 -1.606605
1.596000  0.547274 0.303468 0.139076  0.688629 -0.718281 -0.045134 0.088460  0.188173 0.064962 -1.606809
1.598000  0.547251 0.303457 0.139094  0.688749 -0.718187 -0.045397 0.088160  0.188140 0.064140 -1.606583
1.600000  0.547231 0.303442 0.139102  0.688932 -0.718028 -0.045601 0.087915  0.188103 0.063461 -1.606161
1.602000  0.547210 0.303433 0.139100  0.688879 -0.718100 -0.045901 0.087580  0.188060 0.062582 -1.606423
1.604000  0.547193 0.303425 0.139114  0.688965 -0.718034 -0.046074 0.087362  0.188008 0.062011 -1.606262
1.606000  0.547176 0.303420 0.139108  0.688907 -0.718107 -0.046306 0.087089  0.187954 0.061316 -1.606516
1.608000  0.547164 0.303412 0.139122  0.688990 -0.718040 -0.046410 0.086932  0.187889 0.060927 -1.606341
1.610000  0.547155 0.303400 0.139127  0.689137 -0.717908 -0.046456 0.086828  0.187820 0.060677 -1.605969
1.612000  0.547146 0.303395 0.139121  0.689054 -0.718002 -0.046598 0.086636  0.187747 0.060229 -1.606265
1.614000  0.547140 0.303389 0.139132  0.689110 -0.717957 -0.046612 0.086559  0.187665 0.060086 -1.606137
1.616000  0.547135 0.303387 0.139121  0.689024 -0.718051 -0.046687 0.086429  0.187582 0.059819 -1.606420
1.618000  0.547134 0.303382 0.139132  0.689079 -0.718003 -0.046634 0.086413  0.187488 0.059856 -1.606275
1.620000  0.547137 0.303373 0.139132  0.689198 -0.717892 -0.046523 0.086450  0.187389 0.060032 -1.605933
1.622000  0.547139 0.303370 0.139123  0.689087 -0.718005 -0.046509 0.086399  0.187288 0.060008 -1.606256
1.624000  0.547145 0.303367 0.139130  0.689115 -0.717979 -0.046367 0.086464  0.187177 0.060290 -1.606156
1.626000  0.547150 0.303368 0.139115  0.689002 -0.718092 -0.046285 0.086474  0.187064 0.060449 -1.606467
1.628000  0.547161 0.303365 0.139122  0.689029 -0.718065 -0.046075 0.086600  0.186941 0.060912 -1.606349
1.630000  0.547175 0.303359 0.139119  0.689120 -0.717972 -0.045807 0.086778  0.186814 0.061514 -1.606036
1.632000  0.547189 0.303359 0.139105  0.688982 -0.718105 -0.045635 0.086870  0.186682 0.061920 -1.606387
1.634000  0.547204 0.303369 0.139112  0.688870 -0.718210 -0.045396 0.087020  0.186541 0.062493 -1.606646
1.636000  0.547222 0.303373 0.139116  0.688831 -0.718239 -0.045073 0.087254  0.186400 0.063285 -1.606673
1.638000  0.547243 0.303374 0.139110  0.688858 -0.718202 -0.044688 0.087542  0.186256 0.064223 -1.606500
1.640000  0.547264 0.303379 0.139086  0.688713 -0.718333 -0.044384 0.087763  0.186116 0.064997 -1.606824
1.642000  0.547292 0.303379 0.139083  0.688708 -0.718324 -0.043957 0.088093  0.185964 0.066060 -1.606725
1.644000  0.547322 0.303376 0.139072  0.688767 -0.718249 -0.043469 0.088478  0.185809 0.067269 -1.606427
1.646000  0.547352 0.303380 0.139050  0.688589 -0.718407 -0.043076 0.088775  0.185645 0.068284 -1.606817
1.648000  0.547384 0.303393 0.139051  0.688437 -0.718536 -0.042619 0.089129  0.185471 0.069459 -1.607113
1.650000  0.547419 0.303401 0.139047  0.688358 -0.718589 -0.042071 0.089573  0.185300 0.070872 -1.607177
1.652000  0.547459 0.303409 0.139039  0.688279 -0.718641 -0.041529 0.090010  0.185129 0.072266 -1.607239
1.654000  0.547501 0.303412 0.139024  0.688263 -0.718627 -0.040903 0.090533  0.184963 0.073882 -1.607099
1.656000  0.547543 0.303420 0.138991  0.688064 -0.718791 -0.040346 0.090991  0.184787 0.075357 -1.607485
1.658000  0.547590 0.303425 0.138980  0.688008 -0.718810 -0.039653 0.091569  0.184600 0.077154 -1.607433
1.660000  0.547640 0.303427 0.138960  0.688017 -0.718761 -0.038897 0.092206  0.184411 0.079108 -1.607180
1.662000  0.547690 0.303435 0.138931  0.687783 -0.718950 -0.038228 0.092760  0.184204 0.080882 -1.607627
1.664000  0.547745 0.303444 0.138918  0.687686 -0.718997 -0.037425 0.093433  0.183987 0.082977 -1.607647
1.666000  0.547800 0.303455 0.138884  0.687445 -0.719185 -0.036693 0.094049  0.183777 0.084931 -1.608087
1.668000  0.547846 0.303459 0.138897  0.687421 -0.719165 -0.036074 0.094620  0.183689 0.086607 -1.607944
1.670000  0.547891 0.303459 0.138900  0.687468 -0.719078 -0.035511 0.095150  0.183634 0.088129 -1.607616
1.672000  0.547935 0.303464 0.138888  0.687329 -0.719173 -0.035011 0.095618  0.183560 0.089524 -1.607825
1.674000  0.547971 0.303465 0.138896  0.687340 -0.719123 -0.034575 0.096074  0.183579 0.090773 -1.607624
1.676000  0.548006 0.303461 0.138896  0.687425 -0.719004 -0.034195 0.096490  0.183632 0.091870 -1.607231
1.678000  0.548040 0.303463 0.138885  0.687275 -0.719116 -0.033872 0.096837  0.183639 0.092849 -1.607513
1.680000  0.548067 0.303464 0.138893  0.687281 -0.719078 -0.033613 0.097172  0.183743 0.093681 -1.607371
1.682000  0.548092 0.303467 0.138878  0.687138 -0.719185 -0.033351 0.097477  0.183781 0.094516 -1.607647
1.684000  0.548112 0.303466 0.138888  0.687162 -0.719136 -0.033189 0.097727  0.183904 0.095089 -1.607487
1.686000  0.548130 0.303460 0.138889  0.687259 -0.719019 -0.033081 0.097939  0.184062 0.095515 -1.607136
1.688000  0.548146 0.303458 0.138878  0.687124 -0.719131 -0.032965 0.098105  0.184113 0.095946 -1.607446
1.690000  0.548156 0.303456 0.138888  0.687154 -0.719087 -0.032937 0.098230  0.184256 0.096154 -1.607315
1.692000  0.548164 0.303455 0.138874  0.687033 -0.719190 -0.032883 0.098334  0.184309 0.096408 -1.607607
1.694000  0.548166 0.303452 0.138885  0.687082 -0.719136 -0.032936 0.098373  0.184447 0.096376 -1.607458
1.696000  0.548168 0.303443 0.138888  0.687204 -0.719014 -0.033043 0.098374  0.184618 0.096198 -1.607119
1.698000  0.548167 0.303438 0.138878  0.687091 -0.719123 -0.033134 0.098332  0.184674 0.096042 -1.607446
1.700000  0.548160 0.303433 0.138888  0.687145 -0.719076 -0.033316 0.098245  0.184822 0.095652 -1.607331
1.702000  0.548150 0.303430 0.138875  0.687047 -0.719176 -0.033468 0.098139  0.184876 0.095314 -1.607641
1.704000  0.548136 0.303423 0.138887  0.687119 -0.719119 -0.033729 0.097965  0.185015 0.094686 -1.607509
1.706000  0.548121 0.303412 0.138891  0.687265 -0.718994 -0.034045 0.097752  0.185187 0.093909 -1.607188
1.708000  0.548102 0.303404 0.138882  0.687175 -0.719100 -0.034343 0.097497  0.185243 0.093156 -1.607533
1.710000  0.548078 0.303397 0.138893  0.687252 -0.719049 -0.034734 0.097196  0.185390 0.092165 -1.607436
1.712000  0.548051 0.303391 0.138882  0.687177 -0.719146 -0.035096 0.096874  0.185444 0.091225 -1.607765
1.714000  0.548020 0.303382 0.138894  0.687272 -0.719085 -0.035568 0.096482  0.185582 0.089990 -1.607652
1.716000  0.547987 0.303368 0.138899  0.687440 -0.718956 -0.036096 0.096051  0.185752 0.088602 -1.607349
1.718000  0.547951 0.303357 0.138891  0.687373 -0.719057 -0.036607 0.095576  0.185807 0.087235 -1.607712
1.720000  0.547910 0.303347 0.138903  0.687472 -0.719001 -0.037213 0.095053  0.185953 0.085625 -1.607635
1.722000  0.547865 0.303338 0.138892  0.687420 -0.719093 -0.037791 0.094508  0.186008 0.084064 -1.607981
1.724000  0.547816 0.303326 0.138905  0.687536 -0.719026 -0.038482 0.093892  0.186145 0.082198 -1.607888
1.726000  0.547772 0.303309 0.138929  0.687760 -0.718848 -0.039068 0.093368  0.186275 0.080583 -1.607460
1.728000  0.547727 0.303295 0.138937  0.687778 -0.718872 -0.039668 0.092795  0.186331 0.078932 -1.607621
1.730000  0.547688 0.303281 0.138962  0.687933 -0.718759 -0.040165 0.092304  0.186369 0.077504 -1.607370
1.732000  0.547648 0.303270 0.138965  0.687943 -0.718788 -0.040703 0.091765  0.186385 0.075990 -1.607537
1.734000  0.547615 0.303256 0.138988  0.688091 -0.718678 -0.041114 0.091339  0.186390 0.074775 -1.607282
1.736000  0.547584 0.303238 0.139001  0.688302 -0.718503 -0.041464 0.090968  0.186391 0.073709 -1.606833
1.738000  0.547553 0.303228 0.139004  0.688276 -0.718559 -0.041903 0.090513  0.186379 0.072459 -1.607066
1.740000  0.547527 0.303217 0.139023  0.688387 -0.718478 -0.042214 0.090174  0.186359 0.071518 -1.606880
1.742000  0.547500 0.303210 0.139021  0.688354 -0.718536 -0.042579 0.089783  0.186331 0.070464 -1.607109
1.744000  0.547479 0.303200 0.139039  0.688461 -0.718454 -0.042815 0.089509  0.186294 0.069720 -1.606911
1.746000  0.547460 0.303186 0.139047  0.688632 -0.718308 -0.042990 0.089291  0.186253 0.069123 -1.606517
1.748000  0.547442 0.303179 0.139044  0.688571 -0.718387 -0.043255 0.088988  0.186202 0.068340 -1.606790
1.750000  0.547427 0.303171 0.139059  0.688649 -0.718327 -0.043392 0.088800  0.186143 0.067864 -1.606641
1.752000  0.547413 0.303167 0.139051  0.688584 -0.718407 -0.043585 0.088561  0.186078 0.067272 -1.606903
1.754000  0.547404 0.303159 0.139065  0.688660 -0.718346 -0.043649 0.088438  0.186003 0.066990 -1.606737
1.756000  0.547398 0.303148 0.139069  0.688800 -0.718220 -0.043653 0.088370  0.185925 0.066851 -1.606375
1.758000  0.547391 0.303144 0.139062  0.688709 -0.718320 -0.043749 0.088216  0.185838 0.066524 -1.606678
1.760000  0.547389 0.303139 0.139072  0.688757 -0.718280 -0.043716 0.088179  0.185742 0.066504 -1.606559
1.762000  0.547386 0.303138 0.139060  0.688663 -0.718380 -0.043740 0.088089  0.185642 0.066367 -1.606850
1.764000  0.547386 0.303143 0.139073  0.688587 -0.718459 -0.043697 0.088060  0.185532 0.066406 -1.607070
1.766000  0.547390 0.303144 0.139083  0.688587 -0.718460 -0.043568 0.088114  0.185422 0.066660 -1.607051
1.768000  0.547396 0.303141 0.139083  0.688652 -0.718396 -0.043379 0.088222  0.185308 0.067060 -1.606835
1.770000  0.547405 0.303135 0.139074  0.688783 -0.718265 -0.043128 0.088386  0.185190 0.067609 -1.606416
1.772000  0.547414 0.303136 0.139059  0.688653 -0.718391 -0.042981 0.088455  0.185063 0.067945 -1.606753
1.774000  0.547429 0.303135 0.139060  0.688657 -0.718382 -0.042718 0.088625  0.184923 0.068551 -1.606683
1.776000  0.547443 0.303139 0.139040  0.688518 -0.718513 -0.042510 0.088742  0.184777 0.069042 -1.607026
1.778000  0.547461 0.303148 0.139046  0.688399 -0.718622 -0.042241 0.088916  0.184623 0.069694 -1.607295
1.780000  0.547481 0.303153 0.139049  0.688354 -0.718652 -0.041880 0.089180  0.184470 0.070581 -1.607326
1.782000  0.547504 0.303154 0.139042  0.688375 -0.718618 -0.041456 0.089500  0.184313 0.071619 -1.607157
1.784000  0.547531 0.303152 0.139027  0.688462 -0.718515 -0.040969 0.089878  0.184153 0.072810 -1.606785
1.786000  0.547557 0.303157 0.139005  0.688289 -0.718667 -0.040583 0.090162  0.183981 0.073795 -1.607162
1.788000  0.547589 0.303160 0.138999  0.688251 -0.718683 -0.040078 0.090550  0.183798 0.075056 -1.607130
1.790000  0.547621 0.303167 0.138973  0.688069 -0.718840 -0.039635 0.090884  0.183612 0.076193 -1.607514
1.792000  0.547659 0.303170 0.138968  0.688029 -0.718851 -0.039054 0.091343  0.183418 0.077662 -1.607459
1.794000  0.547700 0.303170 0.138953  0.688053 -0.718797 -0.038409 0.091860  0.183221 0.079286 -1.607207
1.796000  0.547740 0.303176 0.138928  0.687844 -0.718971 -0.037848 0.092296  0.183007 0.080738 -1.607628
1.798000  0.547785 0.303182 0.138920  0.687772 -0.719005 -0.037155 0.092850  0.182784 0.082505 -1.607628
1.800000  0.547832 0.303190 0.138890  0.687556 -0.719179 -0.036537 0.093347  0.182571 0.084124 -1.608042
1.802000  0.547868 0.303193 0.138901  0.687545 -0.719156 -0.036023 0.093804  0.182475 0.085489 -1.607905
1.804000  0.547904 0.303191 0.138904  0.687607 -0.719064 -0.035566 0.094220  0.182413 0.086699 -1.607580
1.806000  0.547939 0.303195 0.138892  0.687474 -0.719165 -0.035175 0.094571  0.182331 0.087773 -1.607818
1.808000  0.547966 0.303195 0.138900  0.687492 -0.719119 -0.034849 0.094911  0.182344 0.088704 -1.607643
1.810000  0.547992 0.303190 0.138900  0.687585 -0.719004 -0.034579 0.095209  0.182390 0.089479 -1.607275
1.812000  0.548017 0.303191 0.138889  0.687445 -0.719117 -0.034368 0.095439  0.182393 0.090132 -1.607576
1.814000  0.548042 0.303194 0.138851  0.687213 -0.719321 -0.034188 0.095638  0.182386 0.090724 -1.608143
1.816000  0.548055 0.303193 0.138872  0.687238 -0.719278 -0.034127 0.095802  0.182534 0.091036 -1.608011
1.818000  0.548066 0.303187 0.138883  0.687332 -0.719172 -0.034117 0.095930  0.182713 0.091207 -1.607702
1.820000  0.548076 0.303177 0.138885  0.687498 -0.718999 -0.034161 0.096019  0.182923 0.091230 -1.607209
1.822000  0.548082 0.303170 0.138880  0.687379 -0.719106 -0.034179 0.096057  0.182990 0.091289 -1.607522
1.824000  0.548089 0.303166 0.138847  0.687171 -0.719302 -0.034228 0.096067  0.183047 0.091289 -1.608094
1.826000  0.548085 0.303161 0.138869  0.687225 -0.719248 -0.034413 0.096019  0.183253 0.090949 -1.607963
1.828000  0.548079 0.303152 0.138881  0.687347 -0.719132 -0.034649 0.095934  0.183489 0.090469 -1.607658
1.830000  0.548072 0.303139 0.138884  0.687540 -0.718949 -0.034940 0.095811  0.183756 0.089842 -1.607168
1.832000  0.548060 0.303128 0.138881  0.687435 -0.719060 -0.035176 0.095643  0.183847 0.089303 -1.607522
1.834000  0.548049 0.303120 0.138849  0.687242 -0.719258 -0.035442 0.095448  0.183929 0.088705 -1.608127
1.836000  0.548027 0.303113 0.138873  0.687315 -0.719203 -0.035857 0.095180  0.184157 0.087730 -1.608025
1.838000  0.548004 0.303102 0.138886  0.687457 -0.719085 -0.036324 0.094875  0.184415 0.086612 -1.607748
1.840000  0.547979 0.303086 0.138890  0.687669 -0.718900 -0.036846 0.094530  0.184704 0.085343 -1.607287
1.842000  0.547949 0.303072 0.138887  0.687584 -0.719009 -0.037300 0.094145  0.184803 0.084187 -1.607666
1.844000  0.547919 0.303060 0.138856  0.687411 -0.719203 -0.037784 0.093730  0.184896 0.082970 -1.608296
1.846000  0.547900 0.303052 0.138888  0.687505 -0.719130 -0.038058 0.093487  0.184957 0.082222 -1.608125
1.848000  0.547884 0.303041 0.138908  0.687657 -0.718999 -0.038272 0.093298  0.185015 0.081616 -1.607776
1.850000  0.547870 0.303027 0.138916  0.687868 -0.718805 -0.038426 0.093163  0.185070 0.081158 -1.607240
1.852000  0.547857 0.303021 0.138919  0.687802 -0.718885 -0.038671 0.092936  0.185095 0.080512 -1.607505
1.854000  0.547842 0.303016 0.138893  0.687648 -0.719051 -0.038948 0.092679  0.185114 0.079802 -1.608026
1.856000  0.547836 0.303011 0.138918  0.687711 -0.718996 -0.039022 0.092601  0.185117 0.079572 -1.607878
1.858000  0.547833 0.303002 0.138931  0.687833 -0.718882 -0.039037 0.092576  0.185117 0.079483 -1.607551
1.860000  0.547833 0.302991 0.138932  0.688016 -0.718705 -0.038992 0.092607  0.185114 0.079544 -1.607034
1.862000  0.547833 0.302987 0.138930  0.687909 -0.718814 -0.039052 0.092536  0.185090 0.079389 -1.607356
1.864000  0.547833 0.302986 0.138900  0.687714 -0.719008 -0.039143 0.092436  0.185059 0.079169 -1.607930
1.866000  0.547840 0.302984 0.138920  0.687738 -0.718980 -0.039027 0.092521  0.185014 0.079444 -1.607833
1.868000  0.547850 0.302979 0.138928  0.687821 -0.718893 -0.038852 0.092659  0.184966 0.079862 -1.607555
1.870000  0.547863 0.302971 0.138924  0.687965 -0.718743 -0.038616 0.092853  0.184915 0.080428 -1.607086
1.872000  0.547876 0.302971 0.138917  0.687822 -0.718875 -0.038484 0.092948  0.184843 0.080784 -1.607448
1.874000  0.547888 0.302973 0.138882  0.687592 -0.719092 -0.038382 0.093013  0.184763 0.081076 -1.608060
1.876000  0.547909 0.302974 0.138896  0.687580 -0.719087 -0.038072 0.093263  0.184669 0.081865 -1.608000
1.878000  0.547932 0.302972 0.138899  0.687627 -0.719022 -0.037703 0.093568  0.184573 0.082798 -1.607759
1.880000  0.547959 0.302967 0.138890  0.687735 -0.718894 -0.037271 0.093929  0.184474 0.083883 -1.607329
1.882000  0.547985 0.302970 0.138878  0.687557 -0.719047 -0.036940 0.094193  0.184351 0.084763 -1.607723
1.884000  0.548011 0.302975 0.138837  0.687292 -0.719285 -0.036639 0.094428  0.184218 0.085583 -1.608368
1.886000  0.548025 0.302975 0.138865  0.687307 -0.719255 -0.036485 0.094604  0.184246 0.086042 -1.608262
1.888000  0.548038 0.302970 0.138881  0.687388 -0.719165 -0.036381 0.094742  0.184302 0.086362 -1.607987
1.890000  0.548049 0.302961 0.138887  0.687539 -0.719010 -0.036331 0.094842  0.184388 0.086535 -1.607533
1.892000  0.548058 0.302957 0.138883  0.687441 -0.719100 -0.036314 0.094877  0.184403 0.086633 -1.607790
1.894000  0.548060 0.302953 0.138895  0.687492 -0.719045 -0.036361 0.094901  0.184510 0.086589 -1.607639
1.896000  0.548060 0.302951 0.138884  0.687391 -0.719140 -0.036405 0.094894  0.184551 0.086543 -1.607920
1.898000  0.548055 0.302946 0.138897  0.687453 -0.719083 -0.036549 0.094829  0.184675 0.086235 -1.607773
1.900000  0.548048 0.302936 0.138900  0.687589 -0.718957 -0.036751 0.094723  0.184832 0.085771 -1.607438
1.902000  0.548039 0.302929 0.138892  0.687489 -0.719062 -0.036945 0.094570  0.184884 0.085308 -1.607769
1.904000  0.548023 0.302923 0.138903  0.687554 -0.719012 -0.037231 0.094373  0.185025 0.084615 -1.607664
1.906000  0.548005 0.302919 0.138891  0.687468 -0.719109 -0.037492 0.094154  0.185080 0.083963 -1.607982
1.908000  0.547982 0.302911 0.138903  0.687550 -0.719049 -0.037865 0.093863  0.185217 0.083012 -1.607862
1.910000  0.547963 0.302899 0.138916  0.687719 -0.718900 -0.038155 0.093647  0.185348 0.082258 -1.607475
1.912000  0.547942 0.302891 0.138915  0.687666 -0.718969 -0.038461 0.093377  0.185401 0.081463 -1.607719
1.914000  0.547928 0.302883 0.138930  0.687755 -0.718897 -0.038658 0.093195  0.185437 0.080908 -1.607539
1.916000  0.547913 0.302879 0.138925  0.687698 -0.718968 -0.038894 0.092967  0.185448 0.080272 -1.607780
1.918000  0.547904 0.302872 0.138939  0.687780 -0.718899 -0.039001 0.092852  0.185449 0.079939 -1.607595
1.920000  0.547899 0.302861 0.138943  0.687926 -0.718765 -0.039045 0.092795  0.185447 0.079760 -1.607215
1.922000  0.547893 0.302857 0.138937  0.687837 -0.718861 -0.039174 0.092656  0.185427 0.079407 -1.607512
1.924000  0.547891 0.302853 0.138947  0.687884 -0.718819 -0.039172 0.092635  0.185399 0.079367 -1.607389
1.926000  0.547890 0.302853 0.138936  0.687788 -0.718916 -0.039222 0.092563  0.185360 0.079220 -1.607679
1.928000  0.547894 0.302849 0.138945  0.687831 -0.718874 -0.039139 0.092611  0.185313 0.079393 -1.607542
1.930000  0.547901 0.302842 0.138945  0.687938 -0.718766 -0.038992 0.092717  0.185263 0.079720 -1.607210
1.932000  0.547909 0.302841 0.138933  0.687814 -0.718885 -0.038930 0.092743  0.185196 0.079876 -1.607544
1.934000  0.547921 0.302840 0.138938  0.687826 -0.718865 -0.038736 0.092886  0.185120 0.080344 -1.607459
1.936000  0.547932 0.302843 0.138922  0.687696 -0.718985 -0.038594 0.092980  0.185033 0.080708 -1.607783
1.938000  0.547950 0.302842 0.138926  0.687705 -0.718964 -0.038317 0.093193  0.184938 0.081393 -1.607681
1.940000  0.547971 0.302838 0.138920  0.687777 -0.718878 -0.037977 0.093465  0.184840 0.082233 -1.607383
1.942000  0.547991 0.302840 0.138904  0.687618 -0.719018 -0.037719 0.093658  0.184723 0.082906 -1.607752
1.944000  0.548017 0.302842 0.138904  0.687595 -0.719020 -0.037329 0.093968  0.184597 0.083894 -1.607700
1.946000  0.548042 0.302848 0.138882  0.687430 -0.719161 -0.036989 0.094230  0.184459 0.084780 -1.608059
1.948000  0.548059 0.302847 0.138896  0.687452 -0.719123 -0.036752 0.094446  0.184425 0.085410 -1.607918
1.950000  0.548075 0.302841 0.138900  0.687547 -0.719019 -0.036571 0.094621  0.184422 0.085886 -1.607591
1.952000  0.548091 0.302841 0.138891  0.687440 -0.719113 -0.036459 0.094728  0.184401 0.086221 -1.607848
1.954000  0.548099 0.302838 0.138901  0.687482 -0.719062 -0.036410 0.094826  0.184474 0.086417 -1.607694
1.956000  0.548106 0.302838 0.138888  0.687379 -0.719155 -0.036376 0.094887  0.184500 0.086577 -1.607958
1.958000  0.548106 0.302834 0.138899  0.687436 -0.719095 -0.036438 0.094899  0.184612 0.086492 -1.607794
1.960000  0.548106 0.302824 0.138902  0.687568 -0.718967 -0.036556 0.094869  0.184756 0.086252 -1.607441
1.962000  0.548103 0.302819 0.138893  0.687463 -0.719072 -0.036677 0.094788  0.184802 0.085998 -1.607761
1.964000  0.548093 0.302814 0.138903  0.687521 -0.719021 -0.036885 0.094668  0.184940 0.085522 -1.607644
1.966000  0.548081 0.302810 0.138891  0.687428 -0.719120 -0.037071 0.094524  0.184993 0.085083 -1.607954
1.968000  0.548064 0.302803 0.138902  0.687504 -0.719060 -0.037368 0.094312  0.185129 0.084350 -1.607825
1.970000  0.548045 0.302791 0.138906  0.687653 -0.718932 -0.037723 0.094057  0.185297 0.083458 -1.607506
1.972000  0.548024 0.302783 0.138897  0.687567 -0.719036 -0.038063 0.093757  0.185353 0.082581 -1.607853
1.974000  0.548009 0.302775 0.138915  0.687652 -0.718968 -0.038265 0.093570  0.185390 0.082013 -1.607688
1.976000  0.547997 0.302765 0.138923  0.687799 -0.718837 -0.038404 0.093441  0.185425 0.081600 -1.607328
1.978000  0.547985 0.302760 0.138920  0.687723 -0.718924 -0.038619 0.093237  0.185437 0.081030 -1.607613
1.980000  0.547978 0.302755 0.138933  0.687783 -0.718874 -0.038706 0.093147  0.185441 0.080766 -1.607480
1.982000  0.547971 0.302754 0.138924  0.687703 -0.718962 -0.038843 0.093008  0.185433 0.080399 -1.607754
1.984000  0.547970 0.302749 0.138935  0.687760 -0.718909 -0.038847 0.092988  0.185418 0.080351 -1.607602
1.986000  0.547972 0.302741 0.138937  0.687881 -0.718792 -0.038788 0.093026  0.185399 0.080457 -1.607255
1.988000  0.547974 0.302739 0.138928  0.687771 -0.718901 -0.038811 0.092985  0.185363 0.080394 -1.607574
1.990000  0.547980 0.302736 0.138935  0.687797 -0.718872 -0.038704 0.093060  0.185318 0.080643 -1.607474
1.992000  0.547986 0.302738 0.138921  0.687681 -0.718982 -0.038649 0.093087  0.185262 0.080787 -1.607783
1.994000  0.547998 0.302736 0.138927  0.687704 -0.718951 -0.038459 0.093233  0.185198 0.081253 -1.607667
1.996000  0.548014 0.302731 0.138924  0.687791 -0.718856 -0.038205 0.093437  0.185131 0.081873 -1.607354
1.998000  0.548029 0.302732 0.138909  0.687646 -0.718987 -0.038034 0.093563  0.185045 0.082326 -1.607708
2.000000  0.548049 0.302733 0.138911  0.687638 -0.718980 -0.037731 0.093805  0.184951 0.083093 -1.607642
2.002000  0.548068 0.302737 0.138892  0.687487 -0.719111 -0.037478 0.093999  0.184844 0.083758 -1.607987
2.004000  0.548081 0.302736 0.138903  0.687513 -0.719075 -0.037322 0.094151  0.184836 0.084184 -1.607860
2.006000  0.548091 0.302730 0.138906  0.687613 -0.718970 -0.037223 0.094261  0.184860 0.084452 -1.607543
2.008000  0.548102 0.302729 0.138896  0.687502 -0.719072 -0.037185 0.094304  0.184854 0.084593 -1.607833
2.010000  0.548104 0.302726 0.138905  0.687545 -0.719026 -0.037215 0.094333  0.184943 0.084582 -1.607704
2.012000  0.548105 0.302725 0.138892  0.687442 -0.719123 -0.037250 0.094329  0.184976 0.084555 -1.607989
2.014000  0.548100 0.302720 0.138903  0.687503 -0.719066 -0.037385 0.094269  0.185094 0.084266 -1.607842
2.016000  0.548093 0.302710 0.138906  0.687638 -0.718939 -0.037578 0.094167  0.185243 0.083818 -1.607505
2.018000  0.548084 0.302704 0.138897  0.687539 -0.719044 -0.037769 0.094016  0.185292 0.083364 -1.607835
2.020000  0.548081 0.302699 0.138909  0.687597 -0.718991 -0.037828 0.093974  0.185325 0.083207 -1.607692
2.022000  0.548077 0.302698 0.138898  0.687511 -0.719079 -0.037925 0.093887  0.185333 0.082972 -1.607960
2.024000  0.548080 0.302694 0.138909  0.687565 -0.719026 -0.037892 0.093915  0.185330 0.083044 -1.607802
2.026000  0.548086 0.302686 0.138909  0.687681 -0.718909 -0.037795 0.094001  0.185326 0.083271 -1.607448
2.028000  0.548091 0.302685 0.138899  0.687563 -0.719021 -0.037781 0.094008  0.185301 0.083331 -1.607771
2.030000  0.548101 0.302684 0.138905  0.687582 -0.718995 -0.037635 0.094132  0.185268 0.083704 -1.607675
2.032000  0.548111 0.302686 0.138889  0.687457 -0.719110 -0.037539 0.094207  0.185222 0.083975 -1.607992
2.034000  0.548114 0.302683 0.138901  0.687500 -0.719065 -0.037534 0.094242  0.185270 0.084022 -1.607861
2.036000  0.548115 0.302675 0.138905  0.687616 -0.718951 -0.037587 0.094236  0.185350 0.083911 -1.607541
2.038000  0.548115 0.302672 0.138896  0.687514 -0.719053 -0.037671 0.094172  0.185369 0.083728 -1.607848
2.040000  0.548120 0.302669 0.138904  0.687553 -0.719011 -0.037620 0.094227  0.185378 0.083867 -1.607718
2.042000  0.548124 0.302670 0.138890  0.687447 -0.719111 -0.037620 0.094233  0.185375 0.083902 -1.608009
2.044000  0.548122 0.302665 0.138902  0.687502 -0.719058 -0.037707 0.094202  0.185462 0.083724 -1.607868
2.046000  0.548123 0.302658 0.138905  0.687624 -0.718937 -0.037728 0.094229  0.185545 0.083703 -1.607521
2.048000  0.548123 0.302655 0.138896  0.687519 -0.719039 -0.037795 0.094192  0.185577 0.083584 -1.607824
2.050000  0.548128 0.302652 0.138904  0.687555 -0.718998 -0.037739 0.094258  0.185595 0.083746 -1.607700
2.052000  0.548133 0.302654 0.138891  0.687446 -0.719101 -0.037730 0.094277  0.185596 0.083813 -1.607995
2.054000  0.548132 0.302650 0.138903  0.687498 -0.719050 -0.037809 0.094257  0.185686 0.083661 -1.607859
2.056000  0.548134 0.302642 0.138906  0.687617 -0.718930 -0.037822 0.094295  0.185773 0.083665 -1.607516
2.058000  0.548134 0.302640 0.138896  0.687510 -0.719033 -0.037879 0.094268  0.185806 0.083577 -1.607822
2.060000  0.548140 0.302637 0.138904  0.687543 -0.718995 -0.037814 0.094345  0.185825 0.083767 -1.607701
2.062000  0.548146 0.302639 0.138890  0.687432 -0.719099 -0.037795 0.094374  0.185826 0.083864 -1.607998
2.064000  0.548145 0.302635 0.138902  0.687482 -0.719048 -0.037865 0.094364  0.185917 0.083739 -1.607861
2.066000  0.548143 0.302626 0.138906  0.687607 -0.718928 -0.037992 0.094311  0.186040 0.083456 -1.607536
2.068000  0.548138 0.302621 0.138896  0.687506 -0.719032 -0.038128 0.094207  0.186078 0.083144 -1.607855
2.070000  0.548139 0.302617 0.138907  0.687556 -0.718983 -0.038132 0.094216  0.186101 0.083139 -1.607712
2.072000  0.548140 0.302617 0.138896  0.687464 -0.719073 -0.038179 0.094179  0.186105 0.083046 -1.607981
2.074000  0.548146 0.302614 0.138906  0.687509 -0.719024 -0.038094 0.094258  0.186100 0.083263 -1.607827
2.076000  0.548156 0.302607 0.138904  0.687617 -0.718911 -0.037945 0.094395  0.186093 0.083637 -1.607479
2.078000  0.548166 0.302607 0.138893  0.687490 -0.719029 -0.037880 0.094452  0.186065 0.083841 -1.607809
2.080000  0.548168 0.302604 0.138904  0.687523 -0.718992 -0.037896 0.094480  0.186131 0.083850 -1.607705
2.082000  0.548169 0.302604 0.138891  0.687420 -0.719090 -0.037926 0.094473  0.186153 0.083825 -1.607994
2.084000  0.548164 0.302599 0.138903  0.687477 -0.719036 -0.038054 0.094414  0.186259 0.083549 -1.607856
2.086000  0.548163 0.302591 0.138907  0.687605 -0.718910 -0.038114 0.094415  0.186362 0.083434 -1.607501
2.088000  0.548161 0.302588 0.138899  0.687506 -0.719009 -0.038208 0.094355  0.186401 0.083243 -1.607800
2.090000  0.548164 0.302584 0.138908  0.687547 -0.718965 -0.038184 0.094393  0.186426 0.083320 -1.607670
2.092000  0.548166 0.302585 0.138896  0.687443 -0.719065 -0.038203 0.094385  0.186429 0.083309 -1.607960
2.094000  0.548175 0.302583 0.138904  0.687478 -0.719023 -0.038089 0.094493  0.186424 0.083611 -1.607824
2.096000  0.548188 0.302577 0.138901  0.687576 -0.718917 -0.037912 0.094660  0.186415 0.084070 -1.607491
2.098000  0.548199 0.302578 0.138889  0.687441 -0.719040 -0.037816 0.094748  0.186386 0.084362 -1.607832
2.100000  0.548204 0.302576 0.138900  0.687472 -0.719003 -0.037806 0.094804  0.186454 0.084448 -1.607727
2.102000  0.548207 0.302576 0.138889  0.687369 -0.719099 -0.037807 0.094827  0.186477 0.084505 -1.608002
2.104000  0.548205 0.302571 0.138900  0.687426 -0.719042 -0.037906 0.094797  0.186584 0.084310 -1.607853
2.106000  0.548201 0.302562 0.138904  0.687558 -0.718917 -0.038063 0.094725  0.186723 0.083957 -1.607516
2.108000  0.548194 0.302556 0.138895  0.687458 -0.719021 -0.038221 0.094603  0.186767 0.083588 -1.607837
2.110000  0.548193 0.302552 0.138906  0.687510 -0.718971 -0.038250 0.094590  0.186796 0.083516 -1.607698
2.112000  0.548192 0.302551 0.138895  0.687418 -0.719063 -0.038319 0.094531  0.186802 0.083361 -1.607975
2.114000  0.548197 0.302548 0.138904  0.687465 -0.719015 -0.038257 0.094588  0.186799 0.083516 -1.607825
2.116000  0.548205 0.302541 0.138904  0.687574 -0.718901 -0.038131 0.094703  0.186792 0.083828 -1.607480
2.118000  0.548213 0.302540 0.138892  0.687450 -0.719018 -0.038087 0.094739  0.186766 0.083971 -1.607810
2.120000  0.548213 0.302538 0.138903  0.687486 -0.718980 -0.038124 0.094746  0.186833 0.083919 -1.607707
2.122000  0.548212 0.302537 0.138891  0.687385 -0.719078 -0.038176 0.094717  0.186855 0.083834 -1.607997
2.124000  0.548206 0.302532 0.138903  0.687445 -0.719023 -0.038324 0.094637  0.186962 0.083497 -1.607859
2.126000  0.548203 0.302523 0.138908  0.687577 -0.718895 -0.038404 0.094618  0.187065 0.083325 -1.607501
2.128000  0.548199 0.302519 0.138901  0.687482 -0.718990 -0.038518 0.094537  0.187105 0.083078 -1.607794
2.130000  0.548201 0.302516 0.138910  0.687529 -0.718944 -0.038514 0.094555  0.187129 0.083097 -1.607659
2.132000  0.548202 0.302516 0.138898  0.687429 -0.719041 -0.038552 0.094526  0.187133 0.083028 -1.607944
2.134000  0.548209 0.302513 0.138907  0.687469 -0.718996 -0.038459 0.094614  0.187128 0.083271 -1.607803
2.136000  0.548220 0.302507 0.138905  0.687571 -0.718888 -0.038302 0.094761  0.187120 0.083671 -1.607466
2.138000  0.548230 0.302508 0.138893  0.687440 -0.719008 -0.038227 0.094827  0.187092 0.083904 -1.607803
2.140000  0.548233 0.302505 0.138904  0.687471 -0.718973 -0.038235 0.094864  0.187158 0.083937 -1.607703
2.142000  0.548234 0.302505 0.138891  0.687366 -0.719072 -0.038256 0.094866  0.187180 0.083937 -1.607992
2.144000  0.548230 0.302501 0.138903  0.687423 -0.719018 -0.038375 0.094816  0.187287 0.083686 -1.607853
2.146000  0.548230 0.302493 0.138906  0.687549 -0.718893 -0.038428 0.094825  0.187389 0.083593 -1.607501
2.148000  0.548228 0.302489 0.138898  0.687447 -0.718994 -0.038514 0.094772  0.187428 0.083424 -1.607804
2.150000  0.548232 0.302486 0.138907  0.687486 -0.718952 -0.038482 0.094818  0.187452 0.083525 -1.607678
2.152000  0.548235 0.302487 0.138894  0.687380 -0.719053 -0.038493 0.094818  0.187455 0.083537 -1.607972
2.154000  0.548245 0.302485 0.138901  0.687412 -0.719013 -0.038372 0.094935  0.187449 0.083863 -1.607838
2.156000  0.548253 0.302478 0.138904  0.687528 -0.718896 -0.038313 0.095006  0.187479 0.084016 -1.607493
2.158000  0.548260 0.302476 0.138895  0.687418 -0.719001 -0.038319 0.095006  0.187476 0.084035 -1.607796
2.160000  0.548259 0.302472 0.138905  0.687461 -0.718957 -0.038391 0.094995  0.187567 0.083910 -1.607682
2.162000  0.548256 0.302471 0.138892  0.687358 -0.719057 -0.038464 0.094952  0.187601 0.083772 -1.607981
2.164000  0.548248 0.302466 0.138904  0.687420 -0.719002 -0.038640 0.094851  0.187718 0.083369 -1.607848
2.166000  0.548244 0.302457 0.138910  0.687555 -0.718872 -0.038745 0.094813  0.187832 0.083135 -1.607488
2.168000  0.548238 0.302452 0.138903  0.687463 -0.718966 -0.038878 0.094717  0.187876 0.082837 -1.607777
2.170000  0.548238 0.302449 0.138913  0.687514 -0.718917 -0.038895 0.094715  0.187904 0.082798 -1.607639
2.172000  0.548238 0.302448 0.138902  0.687418 -0.719011 -0.038953 0.094667  0.187909 0.082674 -1.607921
2.174000  0.548243 0.302445 0.138911  0.687461 -0.718965 -0.038880 0.094735  0.187905 0.082861 -1.607776
2.176000  0.548252 0.302438 0.138910  0.687568 -0.718854 -0.038742 0.094862  0.187898 0.083203 -1.607435
2.178000  0.548261 0.302439 0.138898  0.687441 -0.718972 -0.038688 0.094908  0.187872 0.083377 -1.607768
2.180000  0.548274 0.302438 0.138903  0.687450 -0.718952 -0.038502 0.095073  0.187837 0.083867 -1.607682
2.182000  0.548287 0.302442 0.138887  0.687316 -0.719071 -0.038367 0.095188  0.187790 0.084253 -1.608008
2.184000  0.548294 0.302439 0.138899  0.687354 -0.719027 -0.038324 0.095263  0.187839 0.084408 -1.607875
2.186000  0.548298 0.302432 0.138903  0.687466 -0.718915 -0.038339 0.095296  0.187920 0.084407 -1.607554
2.188000  0.548301 0.302429 0.138894  0.687362 -0.719016 -0.038384 0.095272  0.187939 0.084337 -1.607851
2.190000  0.548297 0.302424 0.138904  0.687415 -0.718965 -0.038507 0.095221  0.188050 0.084079 -1.607723
2.192000  0.548291 0.302421 0.138892  0.687320 -0.719060 -0.038623 0.095140  0.188092 0.083828 -1.608015
2.194000  0.548279 0.302415 0.138903  0.687391 -0.719000 -0.038845 0.094998  0.188218 0.083300 -1.607873
2.196000  0.548272 0.302405 0.138911  0.687538 -0.718861 -0.038992 0.094921  0.188338 0.082947 -1.607495
2.198000  0.548263 0.302400 0.138905  0.687456 -0.718948 -0.039165 0.094785  0.188386 0.082537 -1.607771
2.200000  0.548260 0.302395 0.138917  0.687516 -0.718893 -0.039223 0.094743  0.188417 0.082380 -1.607619
2.202000  0.548256 0.302394 0.138907  0.687430 -0.718981 -0.039322 0.094655  0.188425 0.082140 -1.607891
2.204000  0.548258 0.302389 0.138917  0.687483 -0.718929 -0.039290 0.094681  0.188422 0.082207 -1.607736
2.206000  0.548264 0.302382 0.138917  0.687598 -0.718813 -0.039195 0.094766  0.188417 0.082430 -1.607385
2.208000  0.548269 0.302381 0.138907  0.687480 -0.718926 -0.039183 0.094770  0.188393 0.082483 -1.607710
2.210000  0.548279 0.302380 0.138913  0.687498 -0.718901 -0.039039 0.094892  0.188360 0.082851 -1.607615
2.212000  0.548289 0.302382 0.138898  0.687373 -0.719015 -0.038947 0.094964  0.188316 0.083115 -1.607933
2.214000  0.548305 0.302381 0.138903  0.687386 -0.718989 -0.038719 0.095158  0.188264 0.083703 -1.607824
2.216000  0.548324 0.302377 0.138898  0.687463 -0.718899 -0.038427 0.095411  0.188209 0.084448 -1.607519
2.218000  0.548343 0.302380 0.138882  0.687308 -0.719035 -0.038216 0.095585  0.188134 0.085027 -1.607882
2.220000  0.548354 0.302379 0.138896  0.687330 -0.719001 -0.038097 0.095723  0.188160 0.085382 -1.607768
2.222000  0.548364 0.302373 0.138900  0.687426 -0.718900 -0.038034 0.095820  0.188218 0.085582 -1.607467
2.224000  0.548372 0.302372 0.138891  0.687311 -0.719006 -0.038013 0.095857  0.188226 0.085695 -1.607770
2.226000  0.548373 0.302368 0.138901  0.687352 -0.718962 -0.038065 0.095872  0.188328 0.085633 -1.607651
2.228000  0.548373 0.302367 0.138889  0.687248 -0.719061 -0.038114 0.095857  0.188365 0.085570 -1.607944
2.230000  0.548367 0.302362 0.138901  0.687309 -0.719005 -0.038266 0.095783  0.188486 0.085238 -1.607803
2.232000  0.548359 0.302352 0.138904  0.687444 -0.718880 -0.038475 0.095667  0.188639 0.084749 -1.607473
2.234000  0.548349 0.302345 0.138895  0.687346 -0.718985 -0.038679 0.095503  0.188689 0.084259 -1.607806
2.236000  0.548332 0.302339 0.138905  0.687412 -0.718933 -0.038974 0.095296  0.188829 0.083537 -1.607700
2.238000  0.548313 0.302334 0.138893  0.687328 -0.719029 -0.039245 0.095065  0.188883 0.082855 -1.608019
2.240000  0.548303 0.302327 0.138911  0.687411 -0.718960 -0.039389 0.094933  0.188915 0.082447 -1.607839
2.242000  0.548296 0.302317 0.138917  0.687555 -0.718826 -0.039471 0.094859  0.188943 0.082191 -1.607467
2.244000  0.548288 0.302313 0.138912  0.687479 -0.718911 -0.039632 0.094709  0.188954 0.081774 -1.607735
2.246000  0.548286 0.302308 0.138923  0.687537 -0.718858 -0.039663 0.094674  0.188957 0.081666 -1.607588
2.248000  0.548283 0.302307 0.138913  0.687450 -0.718947 -0.039747 0.094590  0.188948 0.081452 -1.607858
2.250000  0.548286 0.302303 0.138923  0.687501 -0.718896 -0.039696 0.094625  0.188931 0.081559 -1.607703
2.252000  0.548293 0.302296 0.138923  0.687616 -0.718781 -0.039582 0.094718  0.188911 0.081820 -1.607353
2.254000  0.548299 0.302295 0.138913  0.687496 -0.718896 -0.039552 0.094731  0.188873 0.081911 -1.607679
2.256000  0.548310 0.302293 0.138919  0.687512 -0.718872 -0.039391 0.094861  0.188826 0.082315 -1.607586
2.258000  0.548320 0.302296 0.138903  0.687386 -0.718988 -0.039281 0.094942  0.188768 0.082616 -1.607905
2.260000  0.548337 0.302295 0.138908  0.687397 -0.718964 -0.039036 0.095144  0.188702 0.083240 -1.607798
2.262000  0.548357 0.302291 0.138902  0.687472 -0.718875 -0.038726 0.095405  0.188633 0.084020 -1.607495
2.264000  0.548376 0.302294 0.138886  0.687315 -0.719012 -0.038499 0.095586  0.188545 0.084634 -1.607859
2.266000  0.548388 0.302293 0.138899  0.687335 -0.718981 -0.038362 0.095733  0.188557 0.085027 -1.607750
2.268000  0.548398 0.302287 0.138903  0.687428 -0.718882 -0.038282 0.095838  0.188601 0.085263 -1.607452
2.270000  0.548407 0.302287 0.138893  0.687311 -0.718991 -0.038252 0.095880  0.188603 0.085396 -1.607761
2.272000  0.548409 0.302284 0.138903  0.687349 -0.718949 -0.038292 0.095903  0.188699 0.085363 -1.607648
2.274000  0.548409 0.302283 0.138890  0.687243 -0.719049 -0.038332 0.095896  0.188734 0.085325 -1.607943
2.276000  0.548404 0.302278 0.138901  0.687301 -0.718994 -0.038474 0.095831  0.188853 0.085019 -1.607805
2.278000  0.548397 0.302268 0.138905  0.687435 -0.718871 -0.038674 0.095723  0.189004 0.084555 -1.607477
2.280000  0.548388 0.302262 0.138895  0.687335 -0.718976 -0.038868 0.095568  0.189053 0.084090 -1.607810
2.282000  0.548372 0.302256 0.138906  0.687400 -0.718925 -0.039155 0.095369  0.189192 0.083393 -1.607704
2.284000  0.548353 0.302251 0.138893  0.687315 -0.719021 -0.039417 0.095146  0.189246 0.082735 -1.608023
2.286000  0.548344 0.302244 0.138911  0.687397 -0.718952 -0.039553 0.095024  0.189277 0.082350 -1.607842
2.288000  0.548337 0.302234 0.138917  0.687541 -0.718819 -0.039626 0.094958  0.189305 0.082119 -1.607469
2.290000  0.548331 0.302230 0.138912  0.687463 -0.718903 -0.039779 0.094816  0.189316 0.081726 -1.607736
2.292000  0.548329 0.302225 0.138923  0.687520 -0.718851 -0.039802 0.094790  0.189318 0.081641 -1.607589
2.294000  0.548327 0.302224 0.138913  0.687432 -0.718941 -0.039877 0.094713  0.189309 0.081451 -1.607860
2.296000  0.548331 0.302220 0.138923  0.687482 -0.718891 -0.039819 0.094757  0.189292 0.081581 -1.607706
2.298000  0.548338 0.302213 0.138923  0.687595 -0.718776 -0.039696 0.094859  0.189272 0.081866 -1.607357
2.300000  0.548344 0.302212 0.138912  0.687474 -0.718891 -0.039658 0.094880  0.189234 0.081980 -1.607684
2.302000  0.548356 0.302211 0.138918  0.687488 -0.718868 -0.039489 0.095018  0.189187 0.082408 -1.607592
2.304000  0.548367 0.302214 0.138902  0.687360 -0.718986 -0.039371 0.095107  0.189129 0.082732 -1.607912
2.306000  0.548384 0.302213 0.138906  0.687370 -0.718962 -0.039118 0.095318  0.189063 0.083379 -1.607807
2.308000  0.548405 0.302210 0.138901  0.687443 -0.718874 -0.038800 0.095586  0.188994 0.084183 -1.607505
2.310000  0.548425 0.302212 0.138884  0.687285 -0.719013 -0.038565 0.095776  0.188905 0.084821 -1.607871
2.312000  0.548437 0.302211 0.138897  0.687304 -0.718981 -0.038421 0.095931  0.188918 0.085234 -1.607760
2.314000  0.548448 0.302206 0.138901  0.687397 -0.718882 -0.038333 0.096044  0.188963 0.085492 -1.607460
2.316000  0.548458 0.302205 0.138892  0.687280 -0.718989 -0.038294 0.096094  0.188965 0.085648 -1.607764
2.318000  0.548461 0.302202 0.138902  0.687318 -0.718947 -0.038327 0.096126  0.189061 0.085638 -1.607647
2.320000  0.548462 0.302201 0.138889  0.687212 -0.719046 -0.038359 0.096127  0.189096 0.085623 -1.607939
2.322000  0.548457 0.302196 0.138901  0.687271 -0.718991 -0.038493 0.096070  0.189215 0.085340 -1.607798
2.324000  0.548451 0.302187 0.138904  0.687404 -0.718867 -0.038684 0.095971  0.189367 0.084901 -1.607468
2.326000  0.548442 0.302180 0.138895  0.687304 -0.718972 -0.038870 0.095824  0.189416 0.084460 -1.607799
2.328000  0.548427 0.302174 0.138905  0.687368 -0.718921 -0.039148 0.095635  0.189555 0.083787 -1.607693
2.330000  0.548409 0.302170 0.138893  0.687282 -0.719017 -0.039402 0.095421  0.189608 0.083154 -1.608010
2.332000  0.548400 0.302163 0.138909  0.687361 -0.718950 -0.039531 0.095305  0.189640 0.082789 -1.607836
2.334000  0.548394 0.302153 0.138915  0.687502 -0.718819 -0.039596 0.095247  0.189668 0.082580 -1.607468
2.336000  0.548388 0.302150 0.138909  0.687419 -0.718908 -0.039742 0.095113  0.189679 0.082207 -1.607746
2.338000  0.548387 0.302145 0.138919  0.687472 -0.718859 -0.039758 0.095094  0.189681 0.082146 -1.607607
2.340000  0.548385 0.302145 0.138909  0.687381 -0.718951 -0.039825 0.095026  0.189671 0.081980 -1.607884
2.342000  0.548390 0.302141 0.138918  0.687428 -0.718904 -0.039758 0.095078  0.189653 0.082135 -1.607736
2.344000  0.548398 0.302134 0.138917  0.687537 -0.718791 -0.039627 0.095189  0.189633 0.082445 -1.607392
2.346000  0.548405 0.302134 0.138906  0.687414 -0.718908 -0.039580 0.095219  0.189594 0.082585 -1.607722
2.348000  0.548417 0.302133 0.138911  0.687426 -0.718887 -0.039401 0.095367  0.189547 0.083041 -1.607632
2.350000  0.548429 0.302136 0.138895  0.687296 -0.719005 -0.039273 0.095465  0.189487 0.083392 -1.607955
2.352000  0.548447 0.302135 0.138899  0.687304 -0.718983 -0.039010 0.095685  0.189420 0.084068 -1.607852
2.354000  0.548463 0.302130 0.138903  0.687403 -0.718875 -0.038814 0.095858  0.189394 0.084559 -1.607512
2.356000  0.548479 0.302130 0.138894  0.687287 -0.718980 -0.038696 0.095957  0.189350 0.084895 -1.607797
2.358000  0.548486 0.302127 0.138903  0.687321 -0.718938 -0.038638 0.096049  0.189401 0.085096 -1.607668
2.360000  0.548492 0.302128 0.138891  0.687212 -0.719037 -0.038606 0.096101  0.189417 0.085243 -1.607949
2.362000  0.548493 0.302124 0.138902  0.687263 -0.718983 -0.038667 0.096108  0.189519 0.085154 -1.607803
2.364000  0.548492 0.302115 0.138904  0.687390 -0.718861 -0.038785 0.096073  0.189654 0.084907 -1.607468
2.366000  0.548488 0.302110 0.138895  0.687284 -0.718967 -0.038907 0.095986  0.189696 0.084641 -1.607792
2.368000  0.548478 0.302105 0.138905  0.687341 -0.718918 -0.039118 0.095860  0.189829 0.084155 -1.607681
2.370000  0.548466 0.302101 0.138892  0.687249 -0.719016 -0.039309 0.095710  0.189879 0.083701 -1.607993
2.372000  0.548462 0.302096 0.138905  0.687314 -0.718956 -0.039378 0.095654  0.189909 0.083509 -1.607832
2.374000  0.548461 0.302087 0.138908  0.687443 -0.718833 -0.039383 0.095658  0.189937 0.083474 -1.607475
2.376000  0.548459 0.302085 0.138900  0.687344 -0.718933 -0.039470 0.095583  0.189945 0.083273 -1.607778
2.378000  0.548463 0.302082 0.138908  0.687380 -0.718895 -0.039425 0.095626  0.189944 0.083387 -1.607662
2.380000  0.548467 0.302083 0.138895  0.687273 -0.718997 -0.039432 0.095620  0.189932 0.083397 -1.607958
2.382000  0.548476 0.302081 0.138903  0.687305 -0.718959 -0.039302 0.095735  0.189912 0.083731 -1.607829
2.384000  0.548489 0.302076 0.138900  0.687399 -0.718856 -0.039108 0.095908  0.189889 0.084222 -1.607502
2.386000  0.548501 0.302077 0.138887  0.687262 -0.718981 -0.038997 0.096003  0.189847 0.084546 -1.607847
2.388000  0.548506 0.302074 0.138899  0.687292 -0.718945 -0.038972 0.096065  0.189901 0.084662 -1.607738
2.390000  0.548510 0.302075 0.138888  0.687192 -0.719038 -0.038965 0.096091  0.189918 0.084735 -1.608007
2.392000  0.548508 0.302070 0.138900  0.687250 -0.718981 -0.039053 0.096069  0.190020 0.084565 -1.607854
2.394000  0.548505 0.302061 0.138903  0.687382 -0.718855 -0.039198 0.096005  0.190154 0.084239 -1.607513
2.396000  0.548499 0.302055 0.138895  0.687282 -0.718957 -0.039349 0.095889  0.190196 0.083891 -1.607831
2.398000  0.548487 0.302049 0.138905  0.687345 -0.718905 -0.039587 0.095735  0.190328 0.083325 -1.607717
2.400000  0.548472 0.302045 0.138893  0.687257 -0.719001 -0.039806 0.095555  0.190379 0.082790 -1.608027
2.402000  0.548466 0.302039 0.138909  0.687332 -0.718934 -0.039899 0.095475  0.190409 0.082527 -1.607848
2.404000  0.548463 0.302029 0.138914  0.687470 -0.718804 -0.039929 0.095453  0.190435 0.082417 -1.607477
2.406000  0.548460 0.302026 0.138908  0.687383 -0.718895 -0.040040 0.095353  0.190444 0.082144 -1.607755
2.408000  0.548461 0.302022 0.138918  0.687430 -0.718848 -0.040021 0.095369  0.190445 0.082180 -1.607618
2.410000  0.548463 0.302023 0.138907  0.687334 -0.718943 -0.040054 0.095334  0.190434 0.082111 -1.607898
2.412000  0.548470 0.302019 0.138915  0.687374 -0.718899 -0.039953 0.095421  0.190415 0.082363 -1.607754
2.414000  0.548480 0.302013 0.138914  0.687477 -0.718790 -0.039788 0.095565  0.190393 0.082770 -1.607414
2.416000  0.548491 0.302013 0.138902  0.687347 -0.718911 -0.039708 0.095629  0.190352 0.083007 -1.607750
2.418000  0.548505 0.302013 0.138906  0.687353 -0.718893 -0.039495 0.095811  0.190304 0.083560 -1.607667
2.420000  0.548520 0.302017 0.138889  0.687215 -0.719015 -0.039333 0.095944  0.190243 0.084009 -1.607996
2.422000  0.548528 0.302014 0.138901  0.687250 -0.718974 -0.039264 0.096037  0.190278 0.084227 -1.607865
2.424000  0.548534 0.302007 0.138905  0.687358 -0.718864 -0.039252 0.096088  0.190346 0.084288 -1.607546
2.426000  0.548538 0.302005 0.138895  0.687252 -0.718965 -0.039278 0.096079  0.190358 0.084266 -1.607844
2.428000  0.548535 0.302001 0.138905  0.687302 -0.718916 -0.039380 0.096045  0.190464 0.084064 -1.607718
2.430000  0.548531 0.301999 0.138892  0.687205 -0.719012 -0.039477 0.095982  0.190504 0.083865 -1.608009
2.432000  0.548521 0.301993 0.138904  0.687273 -0.718952 -0.039679 0.095858  0.190627 0.083391 -1.607868
2.434000  0.548515 0.301983 0.138910  0.687416 -0.718816 -0.039809 0.095798  0.190746 0.083088 -1.607495
2.436000  0.548507 0.301978 0.138904  0.687330 -0.718906 -0.039964 0.095680  0.190792 0.082727 -1.607777
2.438000  0.548506 0.301973 0.138915  0.687386 -0.718853 -0.040005 0.095655  0.190822 0.082621 -1.607630
2.440000  0.548503 0.301973 0.138904  0.687296 -0.718944 -0.040086 0.095584  0.190829 0.082432 -1.607907
2.442000  0.548507 0.301969 0.138914  0.687344 -0.718895 -0.040036 0.095629  0.190825 0.082551 -1.607756
2.444000  0.548514 0.301962 0.138914  0.687456 -0.718781 -0.039922 0.095732  0.190819 0.082826 -1.607410
2.446000  0.548521 0.301961 0.138903  0.687334 -0.718896 -0.039892 0.095754  0.190794 0.082931 -1.607739
2.448000  0.548532 0.301960 0.138908  0.687348 -0.718874 -0.039730 0.095895  0.190761 0.083351 -1.607648
2.450000  0.548544 0.301963 0.138892  0.687219 -0.718991 -0.039620 0.095986  0.190716 0.083668 -1.607969
2.452000  0.548561 0.301963 0.138897  0.687228 -0.718967 -0.039373 0.096198  0.190663 0.084310 -1.607864
2.454000  0.548576 0.301957 0.138901  0.687330 -0.718857 -0.039196 0.096363  0.190652 0.084763 -1.607521
2.456000  0.548591 0.301957 0.138892  0.687216 -0.718960 -0.039095 0.096454  0.190622 0.085062 -1.607801
2.458000  0.548598 0.301955 0.138902  0.687251 -0.718916 -0.039054 0.096539  0.190687 0.085230 -1.607670
2.460000  0.548604 0.301955 0.138890  0.687143 -0.719014 -0.039031 0.096586  0.190709 0.085358 -1.607950
2.462000  0.548604 0.301951 0.138901  0.687197 -0.718960 -0.039103 0.096585  0.190817 0.085241 -1.607803
2.464000  0.548602 0.301942 0.138904  0.687324 -0.718837 -0.039232 0.096542  0.190956 0.084967 -1.607467
2.466000  0.548598 0.301936 0.138894  0.687219 -0.718942 -0.039363 0.096448  0.191000 0.084679 -1.607792
2.468000  0.548587 0.301931 0.138905  0.687278 -0.718892 -0.039584 0.096314  0.191135 0.084168 -1.607681
2.470000  0.548574 0.301927 0.138892  0.687186 -0.718990 -0.039782 0.096155  0.191187 0.083692 -1.607993
2.472000  0.548569 0.301921 0.138905  0.687254 -0.718930 -0.039860 0.096092  0.191217 0.083476 -1.607831
2.474000  0.548567 0.301913 0.138909  0.687384 -0.718805 -0.039873 0.096088  0.191245 0.083417 -1.607474
2.476000  0.548566 0.301910 0.138901  0.687286 -0.718904 -0.039968 0.096005  0.191254 0.083193 -1.607775
2.478000  0.548569 0.301907 0.138909  0.687324 -0.718865 -0.039932 0.096040  0.191254 0.083283 -1.607656
2.480000  0.548571 0.301908 0.138897  0.687219 -0.718967 -0.039946 0.096025  0.191243 0.083270 -1.607951
2.482000  0.548580 0.301906 0.138904  0.687253 -0.718927 -0.039825 0.096132  0.191223 0.083580 -1.607819
2.484000  0.548592 0.301900 0.138902  0.687349 -0.718823 -0.039640 0.096297  0.191201 0.084047 -1.607491
2.486000  0.548604 0.301901 0.138889  0.687213 -0.718947 -0.039538 0.096383  0.191160 0.084347 -1.607834
2.488000  0.548608 0.301899 0.138901  0.687244 -0.718912 -0.039520 0.096437  0.191214 0.084441 -1.607728
2.490000  0.548612 0.301899 0.138889  0.687142 -0.719006 -0.039521 0.096456  0.191231 0.084492 -1.608002
2.492000  0.548609 0.301895 0.138901  0.687200 -0.718950 -0.039617 0.096425  0.191333 0.084300 -1.607854
2.494000  0.548605 0.301885 0.138904  0.687332 -0.718825 -0.039770 0.096354  0.191467 0.083951 -1.607516
2.496000  0.548599 0.301879 0.138895  0.687232 -0.718928 -0.039929 0.096229  0.191509 0.083580 -1.607838
2.498000  0.548598 0.301875 0.138906  0.687285 -0.718878 -0.039957 0.096216  0.191536 0.083509 -1.607698
2.500000  0.548597 0.301875 0.138895  0.687192 -0.718970 -0.040026 0.096157  0.191541 0.083353 -1.607975
2.502000  0.548601 0.301871 0.138904  0.687239 -0.718922 -0.039963 0.096213  0.191536 0.083509 -1.607825
2.504000  0.548610 0.301864 0.138904  0.687348 -0.718809 -0.039836 0.096329  0.191529 0.083820 -1.607480
2.506000  0.548617 0.301864 0.138893  0.687224 -0.718925 -0.039793 0.096364  0.191502 0.083963 -1.607810
2.508000  0.548618 0.301861 0.138903  0.687260 -0.718888 -0.039830 0.096370  0.191569 0.083910 -1.607707
2.510000  0.548617 0.301861 0.138891  0.687159 -0.718985 -0.039881 0.096342  0.191591 0.083825 -1.607996
2.512000  0.548611 0.301855 0.138903  0.687220 -0.718930 -0.040030 0.096261  0.191697 0.083488 -1.607859
2.514000  0.548608 0.301847 0.138908  0.687352 -0.718802 -0.040109 0.096242  0.191800 0.083317 -1.607501
2.516000  0.548604 0.301843 0.138901  0.687257 -0.718897 -0.040222 0.096161  0.191839 0.083070 -1.607793
2.518000  0.548605 0.301839 0.138910  0.687304 -0.718850 -0.040218 0.096179  0.191863 0.083089 -1.607658
2.520000  0.548607 0.301840 0.138898  0.687204 -0.718947 -0.040257 0.096150  0.191866 0.083020 -1.607944
2.522000  0.548614 0.301837 0.138907  0.687243 -0.718903 -0.040164 0.096238  0.191861 0.083263 -1.607802
2.524000  0.548624 0.301831 0.138905  0.687346 -0.718795 -0.040006 0.096384  0.191852 0.083663 -1.607465
2.526000  0.548635 0.301831 0.138893  0.687214 -0.718915 -0.039932 0.096450  0.191824 0.083894 -1.607802
2.528000  0.548637 0.301829 0.138904  0.687246 -0.718880 -0.039940 0.096487  0.191891 0.083927 -1.607702
2.530000  0.548639 0.301829 0.138891  0.687141 -0.718979 -0.039961 0.096489  0.191912 0.083928 -1.607991
2.532000  0.548635 0.301824 0.138903  0.687198 -0.718925 -0.040080 0.096438  0.192019 0.083676 -1.607853
2.534000  0.548635 0.301816 0.138907  0.687324 -0.718800 -0.040132 0.096448  0.192121 0.083583 -1.607501
2.536000  0.548633 0.301813 0.138898  0.687221 -0.718900 -0.040219 0.096395  0.192160 0.083415 -1.607804
2.538000  0.548637 0.301810 0.138907  0.687260 -0.718858 -0.040186 0.096441  0.192183 0.083515 -1.607678
2.540000  0.548640 0.301811 0.138894  0.687154 -0.718959 -0.040197 0.096441  0.192186 0.083528 -1.607971
2.542000  0.548650 0.301808 0.138901  0.687187 -0.718919 -0.040075 0.096557  0.192179 0.083854 -1.607837
2.544000  0.548658 0.301801 0.138904  0.687302 -0.718803 -0.040016 0.096629  0.192209 0.084007 -1.607492
2.546000  0.548665 0.301799 0.138895  0.687192 -0.718908 -0.040022 0.096629  0.192205 0.084027 -1.607796
2.548000  0.548664 0.301796 0.138905  0.687235 -0.718864 -0.040093 0.096618  0.192296 0.083901 -1.607681
2.550000  0.548661 0.301795 0.138892  0.687132 -0.718964 -0.040167 0.096574  0.192329 0.083764 -1.607981
2.552000  0.548653 0.301789 0.138904  0.687194 -0.718909 -0.040343 0.096473  0.192447 0.083361 -1.607848
2.554000  0.548649 0.301780 0.138910  0.687330 -0.718778 -0.040447 0.096436  0.192559 0.083127 -1.607488
2.556000  0.548643 0.301776 0.138903  0.687238 -0.718871 -0.040579 0.096338  0.192603 0.082829 -1.607777
2.558000  0.548643 0.301772 0.138913  0.687288 -0.718822 -0.040596 0.096337  0.192630 0.082791 -1.607638
2.560000  0.548643 0.301772 0.138902  0.687193 -0.718917 -0.040654 0.096289  0.192635 0.082667 -1.607920
2.562000  0.548648 0.301768 0.138911  0.687236 -0.718871 -0.040581 0.096357  0.192630 0.082854 -1.607775
2.564000  0.548657 0.301762 0.138910  0.687342 -0.718760 -0.040443 0.096483  0.192623 0.083196 -1.607434
2.566000  0.548666 0.301762 0.138898  0.687215 -0.718878 -0.040390 0.096529  0.192597 0.083369 -1.607767
2.568000  0.548679 0.301762 0.138903  0.687224 -0.718858 -0.040204 0.096693  0.192562 0.083857 -1.607681
2.570000  0.548693 0.301765 0.138887  0.687090 -0.718978 -0.040070 0.096808  0.192516 0.084243 -1.608007
2.572000  0.548699 0.301762 0.138899  0.687128 -0.718934 -0.040027 0.096883  0.192566 0.084397 -1.607874
2.574000  0.548703 0.301755 0.138904  0.687240 -0.718822 -0.040042 0.096917  0.192647 0.084396 -1.607553
2.576000  0.548706 0.301752 0.138894  0.687135 -0.718923 -0.040087 0.096893  0.192666 0.084327 -1.607851
2.578000  0.548702 0.301748 0.138904  0.687188 -0.718872 -0.040210 0.096842  0.192777 0.084069 -1.607723
2.580000  0.548696 0.301745 0.138892  0.687094 -0.718967 -0.040326 0.096761  0.192819 0.083818 -1.608015
2.582000  0.548685 0.301739 0.138903  0.687165 -0.718906 -0.040547 0.096618  0.192944 0.083290 -1.607873
2.584000  0.548677 0.301729 0.138911  0.687312 -0.718767 -0.040695 0.096542  0.193065 0.082937 -1.607495
2.586000  0.548668 0.301723 0.138906  0.687231 -0.718853 -0.040867 0.096406  0.193112 0.082527 -1.607770
2.588000  0.548665 0.301718 0.138917  0.687291 -0.718798 -0.040925 0.096364  0.193143 0.082370 -1.607619
2.590000  0.548661 0.301717 0.138907  0.687205 -0.718886 -0.041024 0.096275  0.193150 0.082130 -1.607890
2.592000  0.548664 0.301713 0.138917  0.687258 -0.718834 -0.040992 0.096301  0.193147 0.082198 -1.607735
2.594000  0.548669 0.301705 0.138917  0.687373 -0.718718 -0.040895 0.096386  0.193141 0.082421 -1.607384
2.596000  0.548675 0.301704 0.138907  0.687255 -0.718831 -0.040885 0.096389  0.193117 0.082472 -1.607709
2.598000  0.548685 0.301703 0.138913  0.687273 -0.718806 -0.040741 0.096511  0.193085 0.082840 -1.607614
2.600000  0.548694 0.301706 0.138898  0.687148 -0.718921 -0.040650 0.096584  0.193041 0.083103 -1.607932
2.602000  0.548710 0.301705 0.138903  0.687161 -0.718895 -0.040423 0.096777  0.192989 0.083690 -1.607823
2.604000  0.548729 0.301701 0.138898  0.687236 -0.718805 -0.040131 0.097030  0.192935 0.084433 -1.607518
2.606000  0.548748 0.301704 0.138883  0.687081 -0.718942 -0.039922 0.097203  0.192861 0.085010 -1.607880
2.608000  0.548759 0.301702 0.138896  0.687103 -0.718909 -0.039803 0.097341  0.192889 0.085365 -1.607767
2.610000  0.548769 0.301697 0.138900  0.687199 -0.718808 -0.039741 0.097439  0.192949 0.085564 -1.607466
2.612000  0.548777 0.301695 0.138891  0.687083 -0.718914 -0.039720 0.097476  0.192958 0.085677 -1.607770
2.614000  0.548778 0.301692 0.138901  0.687124 -0.718870 -0.039772 0.097491  0.193059 0.085614 -1.607651
2.616000  0.548778 0.301691 0.138889  0.687020 -0.718969 -0.039821 0.097476  0.193096 0.085553 -1.607944
2.618000  0.548772 0.301686 0.138901  0.687081 -0.718912 -0.039973 0.097402  0.193217 0.085220 -1.607803
2.620000  0.548764 0.301676 0.138904  0.687217 -0.718787 -0.040182 0.097286  0.193370 0.084731 -1.607474
2.622000  0.548754 0.301669 0.138895  0.687119 -0.718891 -0.040385 0.097122  0.193419 0.084242 -1.607806
2.624000  0.548738 0.301663 0.138905  0.687185 -0.718839 -0.040680 0.096915  0.193559 0.083520 -1.607701
2.626000  0.548719 0.301658 0.138893  0.687102 -0.718934 -0.040951 0.096684  0.193612 0.082838 -1.608019
2.628000  0.548708 0.301651 0.138911  0.687185 -0.718864 -0.041095 0.096552  0.193643 0.082429 -1.607839
2.630000  0.548701 0.301640 0.138917  0.687330 -0.718731 -0.041176 0.096478  0.193671 0.082174 -1.607466
2.632000  0.548694 0.301636 0.138912  0.687254 -0.718815 -0.041337 0.096327  0.193682 0.081756 -1.607734
2.634000  0.548691 0.301631 0.138924  0.687312 -0.718762 -0.041368 0.096293  0.193683 0.081648 -1.607587
2.636000  0.548689 0.301631 0.138913  0.687226 -0.718851 -0.041452 0.096207  0.193674 0.081434 -1.607857
2.638000  0.548692 0.301626 0.138923  0.687277 -0.718800 -0.041402 0.096243  0.193657 0.081540 -1.607702
2.640000  0.548698 0.301619 0.138923  0.687391 -0.718685 -0.041287 0.096336  0.193637 0.081801 -1.607352
2.642000  0.548704 0.301618 0.138913  0.687272 -0.718799 -0.041259 0.096348  0.193600 0.081889 -1.607678
2.644000  0.548715 0.301617 0.138919  0.687288 -0.718776 -0.041098 0.096478  0.193554 0.082293 -1.607584
2.646000  0.548726 0.301620 0.138903  0.687161 -0.718892 -0.040989 0.096559  0.193497 0.082592 -1.607903
2.648000  0.548742 0.301619 0.138908  0.687172 -0.718868 -0.040745 0.096761  0.193432 0.083215 -1.607796
2.650000  0.548762 0.301615 0.138902  0.687246 -0.718780 -0.040436 0.097021  0.193364 0.083993 -1.607493
2.652000  0.548782 0.301617 0.138887  0.687090 -0.718918 -0.040211 0.097202  0.193278 0.084605 -1.607857
2.654000  0.548793 0.301617 0.138899  0.687108 -0.718887 -0.040075 0.097349  0.193292 0.084996 -1.607749
2.656000  0.548804 0.301611 0.138903  0.687202 -0.718789 -0.039996 0.097454  0.193338 0.085230 -1.607451
2.658000  0.548813 0.301610 0.138893  0.687084 -0.718897 -0.039965 0.097497  0.193341 0.085365 -1.607760
2.660000  0.548815 0.301608 0.138903  0.687121 -0.718856 -0.040006 0.097520  0.193437 0.085330 -1.607647
2.662000  0.548815 0.301607 0.138890  0.687015 -0.718956 -0.040046 0.097512  0.193471 0.085293 -1.607943
2.664000  0.548810 0.301602 0.138901  0.687074 -0.718901 -0.040189 0.097446  0.193590 0.084986 -1.607805
2.666000  0.548803 0.301592 0.138905  0.687207 -0.718777 -0.040388 0.097339  0.193741 0.084522 -1.607478
2.668000  0.548793 0.301585 0.138895  0.687108 -0.718881 -0.040582 0.097184  0.193790 0.084057 -1.607811
2.670000  0.548777 0.301579 0.138906  0.687174 -0.718830 -0.040869 0.096985  0.193929 0.083359 -1.607705
2.672000  0.548759 0.301574 0.138894  0.687089 -0.718925 -0.041131 0.096761  0.193981 0.082701 -1.608023
2.674000  0.548749 0.301567 0.138911  0.687172 -0.718855 -0.041267 0.096639  0.194012 0.082317 -1.607842
2.676000  0.548743 0.301557 0.138918  0.687316 -0.718722 -0.041339 0.096573  0.194040 0.082085 -1.607469
2.678000  0.548736 0.301553 0.138913  0.687239 -0.718806 -0.041492 0.096431  0.194050 0.081691 -1.607736
2.680000  0.548735 0.301548 0.138924  0.687296 -0.718754 -0.041515 0.096404  0.194052 0.081606 -1.607588
2.682000  0.548732 0.301548 0.138913  0.687209 -0.718843 -0.041591 0.096327  0.194043 0.081415 -1.607858
2.684000  0.548736 0.301544 0.138923  0.687259 -0.718793 -0.041533 0.096371  0.194026 0.081544 -1.607704
2.686000  0.548743 0.301536 0.138923  0.687371 -0.718679 -0.041410 0.096472  0.194006 0.081828 -1.607354
2.688000  0.548750 0.301536 0.138912  0.687250 -0.718794 -0.041374 0.096492  0.193968 0.081939 -1.607681
2.690000  0.548762 0.301534 0.138918  0.687265 -0.718771 -0.041205 0.096630  0.193922 0.082365 -1.607589
2.692000  0.548773 0.301537 0.138902  0.687137 -0.718888 -0.041089 0.096719  0.193865 0.082687 -1.607909
2.694000  0.548790 0.301537 0.138907  0.687146 -0.718865 -0.040837 0.096929  0.193800 0.083332 -1.607804
2.696000  0.548810 0.301533 0.138901  0.687218 -0.718778 -0.040520 0.097198  0.193733 0.084134 -1.607502
2.698000  0.548831 0.301536 0.138885  0.687060 -0.718917 -0.040287 0.097387  0.193646 0.084768 -1.607867
2.700000  0.548843 0.301535 0.138897  0.687078 -0.718886 -0.040144 0.097541  0.193661 0.085180 -1.607757
2.702000  0.548854 0.301530 0.138902  0.687171 -0.718787 -0.040058 0.097654  0.193708 0.085436 -1.607458
2.704000  0.548864 0.301529 0.138892  0.687053 -0.718895 -0.040020 0.097705  0.193711 0.085593 -1.607763
2.706000  0.548866 0.301526 0.138902  0.687091 -0.718853 -0.040053 0.097736  0.193807 0.085581 -1.607647
2.708000  0.548867 0.301525 0.138889  0.686985 -0.718952 -0.040085 0.097737  0.193842 0.085565 -1.607939
2.710000  0.548862 0.301520 0.138901  0.687044 -0.718897 -0.040219 0.097679  0.193961 0.085282 -1.607799
2.712000  0.548856 0.301511 0.138904  0.687176 -0.718772 -0.040410 0.097581  0.194112 0.084841 -1.607469
2.714000  0.548847 0.301504 0.138895  0.687077 -0.718877 -0.040597 0.097433  0.194161 0.084400 -1.607801
2.716000  0.548832 0.301498 0.138905  0.687142 -0.718825 -0.040875 0.097243  0.194300 0.083726 -1.607694
2.718000  0.548815 0.301493 0.138893  0.687056 -0.718921 -0.041129 0.097028  0.194352 0.083092 -1.608012
2.720000  0.548806 0.301486 0.138909  0.687136 -0.718854 -0.041258 0.096913  0.194383 0.082727 -1.607837
2.722000  0.548800 0.301477 0.138915  0.687277 -0.718722 -0.041323 0.096855  0.194411 0.082516 -1.607468
2.724000  0.548794 0.301473 0.138909  0.687196 -0.718810 -0.041469 0.096719  0.194421 0.082143 -1.607745
2.726000  0.548792 0.301469 0.138920  0.687249 -0.718761 -0.041484 0.096700  0.194422 0.082081 -1.607605
2.728000  0.548791 0.301468 0.138909  0.687158 -0.718853 -0.041553 0.096631  0.194413 0.081912 -1.607881
2.730000  0.548795 0.301464 0.138919  0.687205 -0.718805 -0.041486 0.096683  0.194395 0.082066 -1.607732
2.732000  0.548803 0.301457 0.138918  0.687315 -0.718693 -0.041355 0.096793  0.194374 0.082374 -1.607387
2.734000  0.548811 0.301457 0.138907  0.687192 -0.718809 -0.041310 0.096822  0.194336 0.082512 -1.607717
2.736000  0.548823 0.301456 0.138912  0.687204 -0.718788 -0.041132 0.096969  0.194289 0.082965 -1.607627
2.738000  0.548835 0.301459 0.138896  0.687073 -0.718907 -0.041006 0.097067  0.194231 0.083313 -1.607950
2.740000  0.548853 0.301459 0.138900  0.687081 -0.718885 -0.040744 0.097287  0.194165 0.083986 -1.607846
2.742000  0.548868 0.301453 0.138903  0.687180 -0.718778 -0.040549 0.097460  0.194141 0.084475 -1.607507
2.744000  0.548884 0.301453 0.138894  0.687062 -0.718884 -0.040432 0.097558  0.194098 0.084808 -1.607795
2.746000  0.548891 0.301451 0.138904  0.687095 -0.718842 -0.040376 0.097649  0.194151 0.085007 -1.607667
2.748000  0.548898 0.301452 0.138891  0.686986 -0.718942 -0.040345 0.097701  0.194168 0.085153 -1.607949
2.750000  0.548898 0.301448 0.138902  0.687037 -0.718888 -0.040407 0.097707  0.194270 0.085061 -1.607805
2.752000  0.548897 0.301439 0.138905  0.687163 -0.718766 -0.040525 0.097671  0.194405 0.084813 -1.607470
2.754000  0.548894 0.301434 0.138895  0.687058 -0.718872 -0.040649 0.097584  0.194447 0.084545 -1.607795
2.756000  0.548883 0.301428 0.138905  0.687115 -0.718822 -0.040860 0.097458  0.194579 0.084057 -1.607684
2.758000  0.548871 0.301424 0.138893  0.687023 -0.718919 -0.041051 0.097306  0.194630 0.083602 -1.607995
2.760000  0.548867 0.301419 0.138906  0.687090 -0.718859 -0.041121 0.097251  0.194659 0.083409 -1.607833
2.762000  0.548866 0.301410 0.138909  0.687219 -0.718735 -0.041126 0.097254  0.194686 0.083371 -1.607475
2.764000  0.548864 0.301408 0.138901  0.687120 -0.718835 -0.041213 0.097178  0.194694 0.083168 -1.607776
2.766000  0.548868 0.301405 0.138909  0.687157 -0.718796 -0.041169 0.097220  0.194693 0.083280 -1.607658
2.768000  0.548871 0.301407 0.138896  0.687052 -0.718898 -0.041177 0.097213  0.194682 0.083287 -1.607953
2.770000  0.548881 0.301404 0.138904  0.687083 -0.718860 -0.041048 0.097327  0.194662 0.083619 -1.607822
2.772000  0.548894 0.301399 0.138901  0.687178 -0.718757 -0.040855 0.097500  0.194640 0.084107 -1.607495
2.774000  0.548906 0.301400 0.138888  0.687040 -0.718882 -0.040746 0.097593  0.194598 0.084426 -1.607839
2.776000  0.548911 0.301398 0.138900  0.687071 -0.718846 -0.040722 0.097654  0.194654 0.084540 -1.607732
2.778000  0.548915 0.301398 0.138888  0.686969 -0.718940 -0.040717 0.097680  0.194671 0.084611 -1.608004
2.780000  0.548913 0.301393 0.138900  0.687026 -0.718883 -0.040805 0.097657  0.194773 0.084439 -1.607853
2.782000  0.548910 0.301384 0.138904  0.687158 -0.718758 -0.040951 0.097593  0.194907 0.084111 -1.607514
2.784000  0.548904 0.301378 0.138895  0.687058 -0.718860 -0.041102 0.097476  0.194948 0.083761 -1.607833
2.786000  0.548891 0.301372 0.138905  0.687121 -0.718808 -0.041341 0.097321  0.195081 0.083193 -1.607720
2.788000  0.548877 0.301368 0.138893  0.687033 -0.718903 -0.041561 0.097140  0.195131 0.082655 -1.608030
2.790000  0.548871 0.301362 0.138909  0.687110 -0.718836 -0.041654 0.097059  0.195160 0.082391 -1.607850
2.792000  0.548868 0.301352 0.138915  0.687248 -0.718705 -0.041684 0.097036  0.195186 0.082280 -1.607478
2.794000  0.548864 0.301349 0.138909  0.687162 -0.718794 -0.041796 0.096935  0.195195 0.082003 -1.607752
2.796000  0.548866 0.301345 0.138919  0.687211 -0.718747 -0.041778 0.096950  0.195195 0.082037 -1.607613
2.798000  0.548867 0.301345 0.138908  0.687115 -0.718841 -0.041813 0.096915  0.195185 0.081964 -1.607891
2.800000  0.548874 0.301342 0.138917  0.687156 -0.718796 -0.041713 0.097001  0.195167 0.082213 -1.607746
2.802000  0.548885 0.301336 0.138915  0.687259 -0.718687 -0.041549 0.097144  0.195146 0.082617 -1.607405
2.804000  0.548895 0.301336 0.138903  0.687129 -0.718808 -0.041471 0.097207  0.195107 0.082848 -1.607740
2.806000  0.548909 0.301336 0.138908  0.687135 -0.718790 -0.041260 0.097388  0.195060 0.083396 -1.607656
2.808000  0.548924 0.301340 0.138891  0.686997 -0.718913 -0.041101 0.097519  0.195001 0.083840 -1.607985
2.810000  0.548932 0.301337 0.138902  0.687031 -0.718872 -0.041034 0.097611  0.195038 0.084055 -1.607857
2.812000  0.548937 0.301330 0.138906  0.687139 -0.718762 -0.041024 0.097661  0.195107 0.084112 -1.607539
2.814000  0.548942 0.301328 0.138896  0.687031 -0.718865 -0.041051 0.097651  0.195120 0.084089 -1.607841
2.816000  0.548939 0.301324 0.138905  0.687080 -0.718817 -0.041154 0.097617  0.195226 0.083883 -1.607717
2.818000  0.548935 0.301322 0.138893  0.686983 -0.718913 -0.041253 0.097552  0.195266 0.083681 -1.608011
2.820000  0.548938 0.301318 0.138903  0.687035 -0.718860 -0.041230 0.097587  0.195287 0.083747 -1.607853
2.822000  0.548939 0.301309 0.138905  0.687164 -0.718736 -0.041266 0.097578  0.195341 0.083649 -1.607501
2.824000  0.548939 0.301305 0.138897  0.687062 -0.718839 -0.041355 0.097500  0.195347 0.083443 -1.607814
2.826000  0.548944 0.301303 0.138905  0.687100 -0.718799 -0.041301 0.097551  0.195347 0.083581 -1.607689
2.828000  0.548948 0.301304 0.138892  0.686993 -0.718901 -0.041299 0.097553  0.195335 0.083615 -1.607982
2.830000  0.548958 0.301301 0.138900  0.687024 -0.718862 -0.041162 0.097676  0.195315 0.083972 -1.607850
2.832000  0.548966 0.301294 0.138903  0.687139 -0.718746 -0.041088 0.097755  0.195332 0.084155 -1.607503
2.834000  0.548974 0.301293 0.138895  0.687031 -0.718849 -0.041086 0.097759  0.195323 0.084192 -1.607800
2.836000  0.548974 0.301289 0.138904  0.687074 -0.718805 -0.041147 0.097755  0.195410 0.084091 -1.607682
2.838000  0.548972 0.301288 0.138892  0.686972 -0.718904 -0.041213 0.097718  0.195441 0.083974 -1.607979
2.840000  0.548964 0.301283 0.138903  0.687033 -0.718848 -0.041379 0.097625  0.195556 0.083595 -1.607844
2.842000  0.548961 0.301274 0.138908  0.687167 -0.718719 -0.041476 0.097594  0.195667 0.083381 -1.607486
2.844000  0.548956 0.301269 0.138901  0.687072 -0.718814 -0.041602 0.097503  0.195709 0.083101 -1.607782
2.846000  0.548956 0.301266 0.138911  0.687120 -0.718768 -0.041611 0.097508  0.195735 0.083084 -1.607649
2.848000  0.548956 0.301266 0.138899  0.687022 -0.718864 -0.041662 0.097467  0.195739 0.082981 -1.607935
2.850000  0.548963 0.301263 0.138908  0.687063 -0.718819 -0.041581 0.097543  0.195734 0.083190 -1.607793
2.852000  0.548972 0.301257 0.138907  0.687166 -0.718710 -0.041435 0.097677  0.195725 0.083554 -1.607456
2.854000  0.548981 0.301257 0.138895  0.687037 -0.718830 -0.041374 0.097730  0.195699 0.083749 -1.607791
2.856000  0.548983 0.301254 0.138905  0.687069 -0.718795 -0.041393 0.097755  0.195765 0.083749 -1.607694
2.858000  0.548984 0.301254 0.138892  0.686964 -0.718895 -0.041426 0.097745  0.195787 0.083718 -1.607988
2.860000  0.548992 0.301252 0.138900  0.687002 -0.718852 -0.041335 0.097840  0.195794 0.083968 -1.607848
2.862000  0.548998 0.301244 0.138904  0.687121 -0.718733 -0.041307 0.097890  0.195837 0.084046 -1.607500
2.864000  0.549003 0.301242 0.138895  0.687013 -0.718836 -0.041336 0.097869  0.195838 0.084007 -1.607804
2.866000  0.549000 0.301238 0.138905  0.687060 -0.718791 -0.041432 0.097836  0.195934 0.083813 -1.607688
2.868000  0.548996 0.301236 0.138892  0.686960 -0.718890 -0.041528 0.097770  0.195968 0.083614 -1.607989
2.870000  0.548999 0.301232 0.138903  0.687009 -0.718839 -0.041501 0.097806  0.195986 0.083688 -1.607838
2.872000  0.549006 0.301225 0.138903  0.687122 -0.718724 -0.041410 0.097900  0.196001 0.083918 -1.607492
2.874000  0.549011 0.301225 0.138892  0.687003 -0.718836 -0.041403 0.097914  0.195997 0.083980 -1.607815
2.876000  0.549010 0.301222 0.138903  0.687043 -0.718796 -0.041474 0.097900  0.196085 0.083850 -1.607710
2.878000  0.549008 0.301221 0.138891  0.686943 -0.718893 -0.041548 0.097855  0.196116 0.083710 -1.608003
2.880000  0.549012 0.301217 0.138901  0.686989 -0.718844 -0.041500 0.097911  0.196131 0.083843 -1.607853
2.882000  0.549015 0.301209 0.138904  0.687114 -0.718723 -0.041512 0.097923  0.196180 0.083810 -1.607505
2.884000  0.549017 0.301206 0.138895  0.687010 -0.718826 -0.041579 0.097866  0.196184 0.083663 -1.607813
2.886000  0.549023 0.301203 0.138903  0.687044 -0.718788 -0.041505 0.097937  0.196181 0.083860 -1.607692
2.888000  0.549029 0.301205 0.138889  0.686932 -0.718893 -0.041483 0.097958  0.196168 0.083950 -1.607993
2.890000  0.549028 0.301201 0.138901  0.686983 -0.718843 -0.041548 0.097944  0.196245 0.083826 -1.607859
2.892000  0.549025 0.301192 0.138905  0.687108 -0.718724 -0.041669 0.097888  0.196355 0.083544 -1.607535
2.894000  0.549021 0.301187 0.138896  0.687008 -0.718827 -0.041807 0.097776  0.196386 0.083220 -1.607853
2.896000  0.549021 0.301183 0.138907  0.687058 -0.718778 -0.041810 0.097782  0.196404 0.083211 -1.607712
2.898000  0.549022 0.301183 0.138896  0.686966 -0.718869 -0.041860 0.097740  0.196405 0.083107 -1.607982
2.900000  0.549028 0.301179 0.138905  0.687011 -0.718820 -0.041777 0.097816  0.196398 0.083319 -1.607829
2.902000  0.549038 0.301173 0.138904  0.687119 -0.718708 -0.041629 0.097950  0.196388 0.083685 -1.607481
2.904000  0.549047 0.301173 0.138893  0.686992 -0.718825 -0.041567 0.098003  0.196359 0.083881 -1.607811
2.906000  0.549049 0.301170 0.138904  0.687026 -0.718788 -0.041585 0.098028  0.196424 0.083882 -1.607707
2.908000  0.549050 0.301170 0.138891  0.686923 -0.718886 -0.041617 0.098018  0.196445 0.083850 -1.607995
2.910000  0.549045 0.301165 0.138903  0.686981 -0.718831 -0.041747 0.097956  0.196551 0.083567 -1.607856
2.912000  0.549044 0.301157 0.138907  0.687110 -0.718705 -0.041808 0.097955  0.196653 0.083445 -1.607501
2.914000  0.549041 0.301153 0.138899  0.687011 -0.718803 -0.041905 0.097892  0.196691 0.083248 -1.607799
2.916000  0.549044 0.301150 0.138908  0.687053 -0.718759 -0.041882 0.097927  0.196714 0.083318 -1.607669
2.918000  0.549046 0.301151 0.138896  0.686950 -0.718858 -0.041904 0.097916  0.196716 0.083300 -1.607959
2.920000  0.549055 0.301148 0.138904  0.686985 -0.718817 -0.041793 0.098022  0.196710 0.083595 -1.607822
2.922000  0.549067 0.301143 0.138902  0.687082 -0.718711 -0.041616 0.098186  0.196700 0.084046 -1.607489
2.924000  0.549079 0.301144 0.138889  0.686947 -0.718834 -0.041525 0.098270  0.196672 0.084328 -1.607830
2.926000  0.549083 0.301141 0.138901  0.686978 -0.718798 -0.041517 0.098323  0.196740 0.084407 -1.607724
2.928000  0.549086 0.301142 0.138889  0.686875 -0.718893 -0.041521 0.098343  0.196762 0.084457 -1.608001
2.930000  0.549084 0.301137 0.138901  0.686933 -0.718837 -0.041623 0.098311  0.196869 0.084255 -1.607853
2.932000  0.549080 0.301127 0.138904  0.687065 -0.718711 -0.041780 0.098237  0.197007 0.083895 -1.607516
2.934000  0.549073 0.301121 0.138895  0.686966 -0.718814 -0.041941 0.098112  0.197051 0.083521 -1.607839
2.936000  0.549072 0.301117 0.138906  0.687019 -0.718763 -0.041972 0.098097  0.197078 0.083443 -1.607698
2.938000  0.549070 0.301116 0.138895  0.686928 -0.718855 -0.042043 0.098036  0.197084 0.083283 -1.607973
2.940000  0.549075 0.301113 0.138905  0.686975 -0.718806 -0.041982 0.098090  0.197079 0.083431 -1.607822
2.942000  0.549083 0.301106 0.138904  0.687084 -0.718693 -0.041857 0.098204  0.197072 0.083736 -1.607475
2.944000  0.549090 0.301106 0.138893  0.686961 -0.718809 -0.041817 0.098236  0.197046 0.083870 -1.607804
2.946000  0.549091 0.301103 0.138904  0.686997 -0.718771 -0.041857 0.098240  0.197113 0.083811 -1.607702
2.948000  0.549090 0.301102 0.138892  0.686895 -0.718869 -0.041910 0.098209  0.197135 0.083721 -1.607994
2.950000  0.549096 0.301099 0.138901  0.686937 -0.718823 -0.041839 0.098284  0.197143 0.083915 -1.607850
2.952000  0.549101 0.301091 0.138904  0.687059 -0.718703 -0.041828 0.098315  0.197185 0.083940 -1.607502
2.954000  0.549104 0.301089 0.138895  0.686954 -0.718807 -0.041876 0.098275  0.197186 0.083845 -1.607808
2.956000  0.549100 0.301084 0.138905  0.687002 -0.718761 -0.041991 0.098222  0.197282 0.083597 -1.607694
2.958000  0.549094 0.301082 0.138893  0.686905 -0.718859 -0.042107 0.098136  0.197316 0.083342 -1.607996
2.960000  0.549096 0.301078 0.138904  0.686959 -0.718806 -0.042097 0.098154  0.197334 0.083366 -1.607841
2.962000  0.549101 0.301071 0.138905  0.687075 -0.718688 -0.042023 0.098230  0.197348 0.083545 -1.607490
2.964000  0.549105 0.301070 0.138896  0.686962 -0.718796 -0.042033 0.098226  0.197344 0.083557 -1.607804
2.966000  0.549115 0.301069 0.138902  0.686984 -0.718767 -0.041910 0.098341  0.197333 0.083883 -1.607699
2.968000  0.549124 0.301071 0.138888  0.686863 -0.718878 -0.041840 0.098406  0.197309 0.084105 -1.608008
2.970000  0.549126 0.301068 0.138900  0.686908 -0.718829 -0.041859 0.098433  0.197380 0.084105 -1.607872
2.972000  0.549127 0.301060 0.138904  0.687028 -0.718713 -0.041934 0.098419  0.197482 0.083949 -1.607547
2.974000  0.549125 0.301055 0.138895  0.686926 -0.718814 -0.042030 0.098349  0.197509 0.083745 -1.607855
2.976000  0.549117 0.301050 0.138905  0.686984 -0.718762 -0.042207 0.098247  0.197628 0.083338 -1.607733
2.978000  0.549107 0.301047 0.138893  0.686894 -0.718857 -0.042373 0.098117  0.197673 0.082948 -1.608033
2.980000  0.549105 0.301041 0.138907  0.686961 -0.718794 -0.042414 0.098088  0.197698 0.082832 -1.607858
2.982000  0.549106 0.301033 0.138910  0.687090 -0.718667 -0.042391 0.098117  0.197720 0.082868 -1.607490
2.984000  0.549107 0.301030 0.138903  0.686992 -0.718765 -0.042453 0.098065  0.197725 0.082737 -1.607781
2.986000  0.549113 0.301028 0.138911  0.687028 -0.718725 -0.042382 0.098132  0.197721 0.082919 -1.607656
2.988000  0.549118 0.301029 0.138898  0.686920 -0.718828 -0.042365 0.098148  0.197707 0.082995 -1.607949
2.990000  0.549129 0.301027 0.138905  0.686949 -0.718791 -0.042212 0.098285  0.197685 0.083394 -1.607817
2.992000  0.549144 0.301022 0.138902  0.687040 -0.718689 -0.041995 0.098481  0.197659 0.083948 -1.607489
2.994000  0.549158 0.301023 0.138889  0.686898 -0.718816 -0.041863 0.098596  0.197616 0.084333 -1.607835
2.996000  0.549165 0.301022 0.138900  0.686925 -0.718782 -0.041815 0.098680  0.197669 0.084511 -1.607729
2.998000  0.549171 0.301023 0.138889  0.686820 -0.718877 -0.041788 0.098728  0.197686 0.084647 -1.608000
3.000000  0.549171 0.301018 0.138900  0.686875 -0.718821 -0.041854 0.098728  0.197787 0.084539 -1.607848
3.002000  0.549169 0.301009 0.138904  0.687004 -0.718696 -0.041976 0.098686  0.197920 0.084275 -1.607508
3.004000  0.549165 0.301003 0.138895  0.686902 -0.718799 -0.042106 0.098592  0.197961 0.083990 -1.607826
3.006000  0.549154 0.300998 0.138905  0.686962 -0.718747 -0.042322 0.098460  0.198093 0.083486 -1.607711
3.008000  0.549142 0.300994 0.138893  0.686872 -0.718843 -0.042519 0.098302  0.198142 0.083013 -1.608019
3.010000  0.549137 0.300988 0.138908  0.686943 -0.718779 -0.042592 0.098243  0.198171 0.082808 -1.607846
3.012000  0.549136 0.300979 0.138912  0.687077 -0.718651 -0.042601 0.098241  0.198197 0.082756 -1.607479
3.014000  0.549134 0.300977 0.138905  0.686984 -0.718745 -0.042693 0.098160  0.198205 0.082539 -1.607766
3.016000  0.549137 0.300973 0.138914  0.687026 -0.718703 -0.042654 0.098197  0.198206 0.082634 -1.607637
3.018000  0.549140 0.300974 0.138902  0.686924 -0.718802 -0.042668 0.098183  0.198195 0.082623 -1.607924
3.020000  0.549149 0.300971 0.138910  0.686958 -0.718761 -0.042546 0.098291  0.198176 0.082935 -1.607786
3.022000  0.549161 0.300966 0.138908  0.687056 -0.718656 -0.042360 0.098457  0.198155 0.083402 -1.607453
3.024000  0.549173 0.300967 0.138895  0.686921 -0.718779 -0.042260 0.098542  0.198115 0.083698 -1.607794
3.026000  0.549190 0.300967 0.138899  0.686920 -0.718765 -0.042027 0.098746  0.198067 0.084312 -1.607715
3.028000  0.549206 0.300971 0.138881  0.686778 -0.718891 -0.041845 0.098900  0.198008 0.084822 -1.608048
3.030000  0.549215 0.300969 0.138895  0.686813 -0.718846 -0.041759 0.099013  0.198048 0.085091 -1.607907
3.032000  0.549223 0.300962 0.138900  0.686921 -0.718735 -0.041729 0.099086  0.198119 0.085207 -1.607580
3.034000  0.549229 0.300960 0.138891  0.686818 -0.718831 -0.041733 0.099100  0.198134 0.085248 -1.607859
3.036000  0.549228 0.300955 0.138902  0.686871 -0.718777 -0.041814 0.099089  0.198241 0.085107 -1.607717
3.038000  0.549226 0.300953 0.138890  0.686776 -0.718870 -0.041890 0.099047  0.198281 0.084968 -1.607997
3.040000  0.549218 0.300947 0.138901  0.686845 -0.718807 -0.042069 0.098947  0.198404 0.084558 -1.607845
3.042000  0.549208 0.300936 0.138905  0.686988 -0.718676 -0.042304 0.098805  0.198560 0.083991 -1.607504
3.044000  0.549196 0.300929 0.138896  0.686895 -0.718778 -0.042535 0.098613  0.198610 0.083425 -1.607836
3.046000  0.549190 0.300923 0.138909  0.686960 -0.718721 -0.042634 0.098531  0.198643 0.083154 -1.607688
3.048000  0.549183 0.300921 0.138900  0.686883 -0.718804 -0.042769 0.098405  0.198651 0.082807 -1.607949
3.050000  0.549182 0.300916 0.138911  0.686945 -0.718746 -0.042775 0.098393  0.198649 0.082765 -1.607784
3.052000  0.549185 0.300908 0.138913  0.687069 -0.718625 -0.042716 0.098439  0.198643 0.082878 -1.607423
3.054000  0.549187 0.300906 0.138904  0.686960 -0.718732 -0.042744 0.098403  0.198620 0.082819 -1.607738
3.056000  0.549194 0.300904 0.138911  0.686986 -0.718702 -0.042638 0.098487  0.198589 0.083077 -1.607634
3.058000  0.549201 0.300906 0.138897  0.686869 -0.718812 -0.042585 0.098520  0.198547 0.083230 -1.607943
3.060000  0.549213 0.300904 0.138903  0.686890 -0.718783 -0.042396 0.098675  0.198497 0.083707 -1.607826
3.062000  0.549230 0.300900 0.138899  0.686973 -0.718688 -0.042142 0.098890  0.198444 0.084340 -1.607512
3.064000  0.549245 0.300901 0.138885  0.686826 -0.718820 -0.041973 0.099023  0.198373 0.084805 -1.607867
3.066000  0.549254 0.300900 0.138897  0.686852 -0.718786 -0.041891 0.099125  0.198401 0.085055 -1.607755
3.068000  0.549260 0.300894 0.138902  0.686952 -0.718684 -0.041866 0.099185  0.198462 0.085149 -1.607455
3.070000  0.549266 0.300892 0.138892  0.686839 -0.718791 -0.041882 0.099184  0.198470 0.085157 -1.607768
3.072000  0.549264 0.300888 0.138903  0.686882 -0.718748 -0.041971 0.099161  0.198572 0.084988 -1.607658
3.074000  0.549260 0.300887 0.138890  0.686781 -0.718847 -0.042057 0.099108  0.198608 0.084821 -1.607957
3.076000  0.549251 0.300881 0.138902  0.686845 -0.718790 -0.042246 0.098995  0.198729 0.084381 -1.607823
3.078000  0.549241 0.300871 0.138905  0.686984 -0.718664 -0.042492 0.098841  0.198881 0.083783 -1.607499
3.080000  0.549227 0.300863 0.138896  0.686891 -0.718767 -0.042732 0.098638  0.198930 0.083187 -1.607836
3.082000  0.549220 0.300858 0.138910  0.686957 -0.718709 -0.042839 0.098547  0.198961 0.082891 -1.607688
3.084000  0.549212 0.300855 0.138902  0.686884 -0.718789 -0.042983 0.098411  0.198968 0.082518 -1.607942
3.086000  0.549211 0.300850 0.138914  0.686949 -0.718730 -0.042998 0.098389  0.198965 0.082450 -1.607772
3.088000  0.549213 0.300841 0.138915  0.687076 -0.718606 -0.042948 0.098426  0.198960 0.082536 -1.607407
3.090000  0.549214 0.300839 0.138907  0.686970 -0.718712 -0.042985 0.098380  0.198936 0.082449 -1.607718
3.092000  0.549221 0.300837 0.138915  0.686998 -0.718680 -0.042889 0.098454  0.198905 0.082679 -1.607611
3.094000  0.549227 0.300839 0.138901  0.686884 -0.718788 -0.042846 0.098477  0.198863 0.082802 -1.607917
3.096000  0.549239 0.300837 0.138907  0.686907 -0.718757 -0.042667 0.098622  0.198813 0.083250 -1.607797
3.098000  0.549254 0.300832 0.138904  0.686993 -0.718661 -0.042423 0.098826  0.198761 0.083854 -1.607481
3.100000  0.549269 0.300833 0.138890  0.686848 -0.718792 -0.042264 0.098949  0.198690 0.084289 -1.607834
3.102000  0.549276 0.300832 0.138901  0.686873 -0.718760 -0.042191 0.099041  0.198717 0.084514 -1.607729
3.104000  0.549283 0.300834 0.138889  0.686769 -0.718855 -0.042152 0.099092  0.198722 0.084669 -1.607997
3.106000  0.549284 0.300829 0.138901  0.686822 -0.718800 -0.042202 0.099101  0.198812 0.084599 -1.607846
3.108000  0.549283 0.300820 0.138904  0.686950 -0.718676 -0.042308 0.099070  0.198935 0.084372 -1.607506
3.110000  0.549280 0.300815 0.138895  0.686847 -0.718779 -0.042426 0.098983  0.198971 0.084113 -1.607823
3.112000  0.549271 0.300810 0.138905  0.686906 -0.718727 -0.042629 0.098861  0.199099 0.083642 -1.607706
3.114000  0.549259 0.300806 0.138893  0.686816 -0.718823 -0.042816 0.098713  0.199147 0.083198 -1.608014
3.116000  0.549255 0.300800 0.138907  0.686884 -0.718761 -0.042878 0.098663  0.199174 0.083021 -1.607844
3.118000  0.549254 0.300792 0.138910  0.687015 -0.718635 -0.042877 0.098672  0.199199 0.082999 -1.607480
3.120000  0.549254 0.300789 0.138903  0.686919 -0.718732 -0.042959 0.098600  0.199206 0.082810 -1.607773
3.122000  0.549258 0.300786 0.138912  0.686957 -0.718692 -0.042910 0.098647  0.199206 0.082934 -1.607649
3.124000  0.549261 0.300787 0.138899  0.686852 -0.718792 -0.042913 0.098643  0.199194 0.082953 -1.607941
3.126000  0.549271 0.300785 0.138906  0.686884 -0.718754 -0.042781 0.098762  0.199174 0.083295 -1.607807
3.128000  0.549284 0.300780 0.138904  0.686978 -0.718651 -0.042584 0.098939  0.199152 0.083793 -1.607477
3.130000  0.549297 0.300781 0.138891  0.686840 -0.718776 -0.042473 0.099034  0.199111 0.084121 -1.607820
3.132000  0.549302 0.300779 0.138902  0.686869 -0.718741 -0.042445 0.099100  0.199167 0.084246 -1.607717
3.134000  0.549306 0.300780 0.138890  0.686763 -0.718838 -0.042435 0.099130  0.199184 0.084330 -1.607996
3.136000  0.549305 0.300775 0.138901  0.686819 -0.718783 -0.042521 0.099110  0.199285 0.084169 -1.607850
3.138000  0.549302 0.300766 0.138905  0.686949 -0.718659 -0.042663 0.099050  0.199419 0.083850 -1.607515
3.140000  0.549296 0.300760 0.138896  0.686848 -0.718762 -0.042810 0.098937  0.199460 0.083513 -1.607837
3.142000  0.549296 0.300756 0.138906  0.686898 -0.718713 -0.042827 0.098934  0.199486 0.083473 -1.607698
3.144000  0.549296 0.300756 0.138895  0.686805 -0.718806 -0.042885 0.098885  0.199490 0.083348 -1.607976
3.146000  0.549301 0.300752 0.138904  0.686849 -0.718759 -0.042811 0.098953  0.199485 0.083534 -1.607828
3.148000  0.549310 0.300746 0.138903  0.686956 -0.718647 -0.042673 0.099080  0.199477 0.083876 -1.607484
3.150000  0.549319 0.300746 0.138892  0.686829 -0.718765 -0.042621 0.099124  0.199450 0.084047 -1.607815
3.152000  0.549320 0.300743 0.138903  0.686865 -0.718727 -0.042648 0.099141  0.199518 0.084023 -1.607711
3.154000  0.549321 0.300743 0.138891  0.686763 -0.718824 -0.042689 0.099123  0.199540 0.083968 -1.607998
3.156000  0.549315 0.300738 0.138902  0.686824 -0.718768 -0.042827 0.099053  0.199647 0.083661 -1.607858
3.158000  0.549313 0.300729 0.138907  0.686954 -0.718641 -0.042897 0.099044  0.199749 0.083515 -1.607502
3.160000  0.549310 0.300725 0.138899  0.686856 -0.718738 -0.043001 0.098972  0.199787 0.083295 -1.607799
3.162000  0.549312 0.300722 0.138908  0.686900 -0.718693 -0.042987 0.098999  0.199810 0.083341 -1.607668
3.164000  0.549314 0.300723 0.138896  0.686798 -0.718792 -0.043016 0.098979  0.199812 0.083300 -1.607958
3.166000  0.549322 0.300720 0.138904  0.686834 -0.718750 -0.042913 0.099077  0.199805 0.083572 -1.607820
3.168000  0.549334 0.300714 0.138902  0.686933 -0.718644 -0.042745 0.099233  0.199796 0.084000 -1.607485
3.170000  0.549345 0.300715 0.138890  0.686799 -0.718766 -0.042662 0.099308  0.199768 0.084258 -1.607825
3.172000  0.549348 0.300713 0.138901  0.686831 -0.718730 -0.042662 0.099354  0.199836 0.084315 -1.607720
3.174000  0.549351 0.300713 0.138889  0.686728 -0.718826 -0.042674 0.099366  0.199858 0.084343 -1.608000
3.176000  0.549347 0.300708 0.138901  0.686786 -0.718769 -0.042782 0.099325  0.199964 0.084118 -1.607854
3.178000  0.549343 0.300698 0.138905  0.686919 -0.718643 -0.042948 0.099244  0.200103 0.083737 -1.607519
3.180000  0.549335 0.300692 0.138896  0.686821 -0.718746 -0.043117 0.099110  0.200146 0.083340 -1.607843
3.182000  0.549334 0.300688 0.138907  0.686876 -0.718694 -0.043153 0.099088  0.200173 0.083243 -1.607699
3.184000  0.549332 0.300687 0.138897  0.686788 -0.718783 -0.043231 0.099020  0.200178 0.083062 -1.607969
3.186000  0.549336 0.300683 0.138907  0.686837 -0.718732 -0.043177 0.099067  0.200173 0.083190 -1.607813
3.188000  0.549343 0.300676 0.138906  0.686950 -0.718617 -0.043059 0.099173  0.200166 0.083474 -1.607462
3.190000  0.549350 0.300675 0.138896  0.686828 -0.718732 -0.043027 0.099197  0.200141 0.083585 -1.607788
3.192000  0.549362 0.300675 0.138901  0.686842 -0.718709 -0.042862 0.099340  0.200107 0.084014 -1.607695
3.194000  0.549374 0.300678 0.138886  0.686712 -0.718827 -0.042750 0.099434  0.200063 0.084338 -1.608016
3.196000  0.549378 0.300675 0.138898  0.686754 -0.718781 -0.042728 0.099488  0.200113 0.084434 -1.607880
3.198000  0.549381 0.300667 0.138903  0.686869 -0.718667 -0.042763 0.099502  0.200196 0.084374 -1.607557
3.200000  0.549382 0.300664 0.138894  0.686767 -0.718766 -0.042828 0.099458  0.200215 0.084248 -1.607854
3.202000  0.549377 0.300659 0.138904  0.686823 -0.718714 -0.042971 0.099386  0.200327 0.083932 -1.607727
3.204000  0.549369 0.300656 0.138892  0.686731 -0.718808 -0.043106 0.099285  0.200368 0.083625 -1.608020
3.206000  0.549369 0.300651 0.138903  0.686792 -0.718750 -0.043120 0.099282  0.200390 0.083587 -1.607855
3.208000  0.549372 0.300643 0.138905  0.686914 -0.718628 -0.043069 0.099338  0.200410 0.083703 -1.607494
3.210000  0.549375 0.300642 0.138896  0.686805 -0.718733 -0.043103 0.099313  0.200412 0.083650 -1.607804
3.212000  0.549383 0.300640 0.138903  0.686832 -0.718701 -0.043004 0.099407  0.200406 0.083913 -1.607696
3.214000  0.549391 0.300642 0.138888  0.686714 -0.718810 -0.042959 0.099451  0.200389 0.084072 -1.608002
3.216000  0.549391 0.300638 0.138901  0.686762 -0.718760 -0.043000 0.099459  0.200465 0.084011 -1.607867
3.218000  0.549390 0.300630 0.138904  0.686884 -0.718643 -0.043098 0.099425  0.200572 0.083793 -1.607543
3.220000  0.549387 0.300625 0.138895  0.686784 -0.718744 -0.043214 0.099336  0.200601 0.083533 -1.607855
3.222000  0.549390 0.300622 0.138905  0.686830 -0.718697 -0.043197 0.099362  0.200619 0.083582 -1.607717
3.224000  0.549392 0.300622 0.138893  0.686732 -0.718792 -0.043227 0.099339  0.200619 0.083536 -1.607997
3.226000  0.549400 0.300619 0.138901  0.686771 -0.718748 -0.043123 0.099436  0.200611 0.083806 -1.607851
3.228000  0.549406 0.300611 0.138904  0.686891 -0.718628 -0.043080 0.099489  0.200638 0.083908 -1.607499
3.230000  0.549412 0.300609 0.138895  0.686784 -0.718732 -0.043106 0.099468  0.200633 0.083871 -1.607802
3.232000  0.549409 0.300605 0.138905  0.686830 -0.718687 -0.043195 0.099437  0.200724 0.083691 -1.607687
3.234000  0.549405 0.300604 0.138893  0.686730 -0.718786 -0.043288 0.099374  0.200755 0.083500 -1.607989
3.236000  0.549408 0.300600 0.138903  0.686779 -0.718736 -0.043256 0.099413  0.200771 0.083586 -1.607838
3.238000  0.549415 0.300593 0.138903  0.686890 -0.718621 -0.043159 0.099511  0.200783 0.083828 -1.607492
3.240000  0.549421 0.300593 0.138893  0.686771 -0.718733 -0.043148 0.099528  0.200778 0.083900 -1.607814
3.242000  0.549421 0.300590 0.138904  0.686810 -0.718693 -0.043215 0.099518  0.200865 0.083782 -1.607709
3.244000  0.549418 0.300588 0.138891  0.686710 -0.718791 -0.043286 0.099476  0.200895 0.083653 -1.608003
3.246000  0.549423 0.300585 0.138901  0.686756 -0.718742 -0.043233 0.099535  0.200909 0.083797 -1.607853
3.248000  0.549427 0.300577 0.138904  0.686880 -0.718621 -0.043240 0.099552  0.200957 0.083776 -1.607505
3.250000  0.549429 0.300574 0.138896  0.686776 -0.718724 -0.043304 0.099498  0.200960 0.083641 -1.607813
3.252000  0.549435 0.300571 0.138903  0.686809 -0.718687 -0.043225 0.099573  0.200957 0.083848 -1.607693
3.254000  0.549441 0.300573 0.138889  0.686696 -0.718793 -0.043200 0.099598  0.200943 0.083949 -1.607994
3.256000  0.549440 0.300569 0.138901  0.686746 -0.718742 -0.043261 0.099587  0.201021 0.083835 -1.607859
3.258000  0.549438 0.300560 0.138905  0.686871 -0.718623 -0.043378 0.099535  0.201131 0.083564 -1.607535
3.260000  0.549434 0.300555 0.138896  0.686771 -0.718726 -0.043512 0.099428  0.201161 0.083252 -1.607853
3.262000  0.549435 0.300551 0.138907  0.686821 -0.718677 -0.043512 0.099437  0.201179 0.083253 -1.607712
3.264000  0.549435 0.300551 0.138896  0.686728 -0.718768 -0.043558 0.099398  0.201179 0.083159 -1.607983
3.266000  0.549442 0.300548 0.138905  0.686772 -0.718721 -0.043471 0.099478  0.201172 0.083381 -1.607831
3.268000  0.549452 0.300542 0.138903  0.686878 -0.718609 -0.043319 0.099616  0.201161 0.083758 -1.607484
3.270000  0.549461 0.300542 0.138892  0.686750 -0.718727 -0.043254 0.099672  0.201132 0.083962 -1.607815
3.272000  0.549464 0.300539 0.138903  0.686784 -0.718690 -0.043269 0.099700  0.201198 0.083973 -1.607710
3.274000  0.549465 0.300539 0.138891  0.686681 -0.718788 -0.043299 0.099693  0.201219 0.083951 -1.607997
3.276000  0.549460 0.300534 0.138902  0.686740 -0.718732 -0.043424 0.099635  0.201325 0.083677 -1.607856
3.278000  0.549459 0.300526 0.138906  0.686868 -0.718605 -0.043483 0.099637  0.201426 0.083563 -1.607502
3.280000  0.549457 0.300522 0.138898  0.686768 -0.718704 -0.043577 0.099576  0.201464 0.083374 -1.607802
3.282000  0.549460 0.300519 0.138907  0.686809 -0.718661 -0.043551 0.099615  0.201486 0.083453 -1.607674
3.284000  0.549463 0.300520 0.138895  0.686704 -0.718761 -0.043570 0.099606  0.201488 0.083443 -1.607966
3.286000  0.549472 0.300517 0.138902  0.686738 -0.718721 -0.043455 0.099715  0.201481 0.083748 -1.607830
3.288000  0.549479 0.300510 0.138905  0.686853 -0.718605 -0.043401 0.099779  0.201509 0.083881 -1.607487
3.290000  0.549486 0.300508 0.138896  0.686743 -0.718710 -0.043415 0.099771  0.201504 0.083881 -1.607794
3.292000  0.549484 0.300505 0.138906  0.686787 -0.718667 -0.043493 0.099752  0.201595 0.083734 -1.607681
3.294000  0.549481 0.300503 0.138893  0.686684 -0.718767 -0.043574 0.099700  0.201627 0.083577 -1.607983
3.296000  0.549485 0.300500 0.138903  0.686730 -0.718718 -0.043531 0.099751  0.201642 0.083695 -1.607836
3.298000  0.549493 0.300493 0.138902  0.686839 -0.718606 -0.043424 0.099860  0.201655 0.083969 -1.607493
3.300000  0.549500 0.300493 0.138892  0.686717 -0.718720 -0.043402 0.099889  0.201649 0.084074 -1.607820
3.302000  0.549500 0.300490 0.138903  0.686755 -0.718680 -0.043459 0.099889  0.201737 0.083984 -1.607714
3.304000  0.549499 0.300489 0.138890  0.686654 -0.718777 -0.043518 0.099858  0.201768 0.083886 -1.608004
3.306000  0.549492 0.300484 0.138902  0.686718 -0.718719 -0.043679 0.099771  0.201882 0.083521 -1.607864
3.308000  0.549488 0.300475 0.138908  0.686852 -0.718588 -0.043770 0.099745  0.201992 0.083321 -1.607502
3.310000  0.549484 0.300471 0.138901  0.686759 -0.718682 -0.043891 0.099658  0.202033 0.083055 -1.607792
3.312000  0.549485 0.300467 0.138911  0.686808 -0.718634 -0.043895 0.099668  0.202058 0.083050 -1.607655
3.314000  0.549485 0.300467 0.138899  0.686710 -0.718730 -0.043942 0.099631  0.202062 0.082959 -1.607939
3.316000  0.549492 0.300464 0.138908  0.686750 -0.718685 -0.043857 0.099710  0.202056 0.083179 -1.607796
3.318000  0.549502 0.300458 0.138906  0.686854 -0.718576 -0.043706 0.099849  0.202047 0.083555 -1.607457
3.320000  0.549511 0.300458 0.138895  0.686724 -0.718696 -0.043643 0.099905  0.202021 0.083759 -1.607793
3.322000  0.549514 0.300456 0.138905  0.686755 -0.718661 -0.043659 0.099934  0.202088 0.083770 -1.607694
3.324000  0.549515 0.300456 0.138892  0.686650 -0.718761 -0.043688 0.099928  0.202110 0.083750 -1.607988
3.326000  0.549510 0.300451 0.138903  0.686707 -0.718707 -0.043814 0.099870  0.202216 0.083476 -1.607852
3.328000  0.549509 0.300443 0.138908  0.686835 -0.718581 -0.043872 0.099872  0.202318 0.083364 -1.607499
3.330000  0.549507 0.300439 0.138900  0.686735 -0.718679 -0.043965 0.099813  0.202356 0.083178 -1.607797
3.332000  0.549510 0.300436 0.138909  0.686777 -0.718635 -0.043938 0.099852  0.202379 0.083259 -1.607667
3.334000  0.549513 0.300437 0.138896  0.686673 -0.718735 -0.043956 0.099844  0.202381 0.083251 -1.607957
3.336000  0.549522 0.300434 0.138904  0.686707 -0.718694 -0.043841 0.099953  0.202374 0.083557 -1.607820
3.338000  0.549534 0.300429 0.138902  0.686803 -0.718589 -0.043661 0.100122  0.202364 0.084018 -1.607488
3.340000  0.549546 0.300430 0.138889  0.686667 -0.718713 -0.043567 0.100208  0.202336 0.084309 -1.607829
3.342000  0.549551 0.300428 0.138901  0.686697 -0.718677 -0.043556 0.100265  0.202404 0.084397 -1.607723
3.344000  0.549554 0.300428 0.138889  0.686594 -0.718773 -0.043557 0.100289  0.202426 0.084458 -1.608000
3.346000  0.549552 0.300423 0.138901  0.686651 -0.718716 -0.043654 0.100260  0.202533 0.084266 -1.607852
3.348000  0.549548 0.300414 0.138904  0.686783 -0.718590 -0.043808 0.100190  0.202671 0.083917 -1.607515
3.350000  0.549542 0.300408 0.138895  0.686684 -0.718692 -0.043965 0.100069  0.202714 0.083553 -1.607838
3.352000  0.549541 0.300404 0.138906  0.686736 -0.718642 -0.043992 0.100057  0.202741 0.083485 -1.607698
3.354000  0.549540 0.300403 0.138895  0.686644 -0.718734 -0.044060 0.099998  0.202746 0.083334 -1.607974
3.356000  0.549545 0.300399 0.138904  0.686690 -0.718686 -0.043996 0.100056  0.202741 0.083492 -1.607824
3.358000  0.549553 0.300393 0.138904  0.686799 -0.718574 -0.043867 0.100173  0.202733 0.083806 -1.607478
3.360000  0.549561 0.300393 0.138893  0.686674 -0.718690 -0.043825 0.100208  0.202707 0.083948 -1.607808
3.362000  0.549561 0.300390 0.138903  0.686711 -0.718653 -0.043861 0.100215  0.202775 0.083898 -1.607705
3.364000  0.549561 0.300389 0.138891  0.686609 -0.718750 -0.043912 0.100188  0.202797 0.083818 -1.607996
3.366000  0.549554 0.300384 0.138903  0.686670 -0.718694 -0.044059 0.100108  0.202904 0.083484 -1.607858
3.368000  0.549552 0.300375 0.138908  0.686802 -0.718565 -0.044136 0.100091  0.203006 0.083314 -1.607500
3.370000  0.549548 0.300371 0.138901  0.686708 -0.718660 -0.044249 0.100011  0.203044 0.083071 -1.607793
3.372000  0.549550 0.300368 0.138910  0.686754 -0.718614 -0.044242 0.100030  0.203067 0.083094 -1.607658
3.374000  0.549551 0.300368 0.138898  0.686654 -0.718711 -0.044280 0.100001  0.203069 0.083028 -1.607944
3.376000  0.549558 0.300365 0.138907  0.686693 -0.718667 -0.044185 0.100090  0.203062 0.083275 -1.607803
3.378000  0.549569 0.300359 0.138905  0.686794 -0.718560 -0.044025 0.100237  0.203052 0.083678 -1.607466
3.380000  0.549579 0.300360 0.138893  0.686663 -0.718681 -0.043953 0.100303  0.203025 0.083908 -1.607803
3.382000  0.549582 0.300358 0.138904  0.686693 -0.718646 -0.043960 0.100340  0.203092 0.083943 -1.607702
3.384000  0.549584 0.300358 0.138891  0.686588 -0.718744 -0.043980 0.100343  0.203114 0.083949 -1.607991
3.386000  0.549580 0.300353 0.138903  0.686646 -0.718689 -0.044097 0.100294  0.203220 0.083700 -1.607852
3.388000  0.549580 0.300345 0.138906  0.686771 -0.718565 -0.044148 0.100304  0.203322 0.083609 -1.607501
3.390000  0.549578 0.300341 0.138898  0.686669 -0.718665 -0.044234 0.100252  0.203359 0.083444 -1.607804
3.392000  0.549582 0.300339 0.138906  0.686708 -0.718623 -0.044199 0.100299  0.203381 0.083548 -1.607678
3.394000  0.549585 0.300340 0.138894  0.686601 -0.718724 -0.044209 0.100299  0.203383 0.083563 -1.607973
3.396000  0.549595 0.300337 0.138901  0.686633 -0.718685 -0.044086 0.100416  0.203375 0.083892 -1.607839
3.398000  0.549603 0.300330 0.138904  0.686747 -0.718569 -0.044025 0.100489  0.203404 0.084048 -1.607494
3.400000  0.549610 0.300328 0.138895  0.686638 -0.718674 -0.044030 0.100489  0.203399 0.084071 -1.607797
3.402000  0.549609 0.300325 0.138905  0.686681 -0.718630 -0.044099 0.100479  0.203490 0.083949 -1.607681
3.404000  0.549607 0.300324 0.138892  0.686579 -0.718729 -0.044172 0.100436  0.203521 0.083815 -1.607980
3.406000  0.549599 0.300318 0.138904  0.686641 -0.718672 -0.044346 0.100336  0.203637 0.083415 -1.607847
3.408000  0.549595 0.300309 0.138909  0.686777 -0.718542 -0.044448 0.100299  0.203749 0.083182 -1.607487
3.410000  0.549589 0.300305 0.138903  0.686685 -0.718635 -0.044580 0.100202  0.203791 0.082887 -1.607778
3.412000  0.549589 0.300301 0.138913  0.686735 -0.718586 -0.044595 0.100201  0.203816 0.082852 -1.607640
3.414000  0.549589 0.300300 0.138901  0.686640 -0.718680 -0.044652 0.100153  0.203820 0.082731 -1.607923
3.416000  0.549595 0.300297 0.138910  0.686682 -0.718635 -0.044577 0.100222  0.203814 0.082920 -1.607778
3.418000  0.549604 0.300291 0.138909  0.686787 -0.718525 -0.044438 0.100349  0.203806 0.083265 -1.607438
3.420000  0.549613 0.300291 0.138898  0.686660 -0.718644 -0.044385 0.100394  0.203780 0.083437 -1.607771
3.422000  0.549626 0.300291 0.138903  0.686668 -0.718625 -0.044199 0.100560  0.203746 0.083928 -1.607685
3.424000  0.549639 0.300295 0.138886  0.686533 -0.718746 -0.044065 0.100675  0.203701 0.084314 -1.608011
3.426000  0.549646 0.300292 0.138899  0.686571 -0.718702 -0.044023 0.100751  0.203752 0.084469 -1.607877
3.428000  0.549650 0.300285 0.138903  0.686682 -0.718590 -0.044037 0.100786  0.203836 0.084469 -1.607556
3.430000  0.549653 0.300281 0.138894  0.686578 -0.718689 -0.044081 0.100763  0.203855 0.084405 -1.607852
3.432000  0.549649 0.300277 0.138904  0.686632 -0.718637 -0.044203 0.100713  0.203966 0.084149 -1.607722
3.434000  0.549643 0.300274 0.138892  0.686538 -0.718731 -0.044318 0.100633  0.204007 0.083903 -1.608013
3.436000  0.549632 0.300268 0.138903  0.686610 -0.718669 -0.044537 0.100492  0.204132 0.083378 -1.607871
3.438000  0.549625 0.300258 0.138910  0.686757 -0.718530 -0.044683 0.100416  0.204251 0.083026 -1.607494
3.440000  0.549616 0.300252 0.138905  0.686676 -0.718616 -0.044855 0.100280  0.204297 0.082619 -1.607771
3.442000  0.549613 0.300247 0.138916  0.686736 -0.718560 -0.044911 0.100239  0.204326 0.082465 -1.607621
3.444000  0.549609 0.300246 0.138906  0.686650 -0.718649 -0.045009 0.100150  0.204332 0.082228 -1.607894
3.446000  0.549612 0.300242 0.138916  0.686702 -0.718598 -0.044975 0.100177  0.204327 0.082299 -1.607740
3.448000  0.549617 0.300234 0.138916  0.686816 -0.718482 -0.044877 0.100263  0.204320 0.082524 -1.607390
3.450000  0.549623 0.300233 0.138906  0.686698 -0.718595 -0.044867 0.100266  0.204296 0.082576 -1.607715
3.452000  0.549633 0.300232 0.138912  0.686715 -0.718571 -0.044722 0.100389  0.204265 0.082946 -1.607621
3.454000  0.549643 0.300235 0.138897  0.686589 -0.718687 -0.044632 0.100462  0.204223 0.083209 -1.607939
3.456000  0.549659 0.300235 0.138902  0.686601 -0.718663 -0.044404 0.100657  0.204172 0.083798 -1.607830
3.458000  0.549673 0.300229 0.138905  0.686701 -0.718556 -0.044242 0.100807  0.204162 0.084208 -1.607494
3.460000  0.549687 0.300229 0.138895  0.686584 -0.718663 -0.044161 0.100879  0.204135 0.084457 -1.607789
3.462000  0.549692 0.300227 0.138905  0.686618 -0.718622 -0.044139 0.100948  0.204204 0.084574 -1.607668
3.464000  0.549696 0.300227 0.138892  0.686508 -0.718722 -0.044133 0.100979  0.204227 0.084658 -1.607957
3.466000  0.549695 0.300222 0.138903  0.686562 -0.718668 -0.044223 0.100959  0.204335 0.084490 -1.607817
3.468000  0.549692 0.300213 0.138906  0.686690 -0.718545 -0.044369 0.100899  0.204475 0.084165 -1.607487
3.470000  0.549686 0.300207 0.138896  0.686587 -0.718650 -0.044517 0.100787  0.204519 0.083829 -1.607815
3.472000  0.549674 0.300202 0.138906  0.686648 -0.718599 -0.044755 0.100634  0.204653 0.083266 -1.607707
3.474000  0.549659 0.300197 0.138894  0.686560 -0.718695 -0.044972 0.100457  0.204703 0.082738 -1.608021
3.476000  0.549653 0.300191 0.138910  0.686635 -0.718628 -0.045062 0.100379  0.204731 0.082481 -1.607844
3.478000  0.549651 0.300182 0.138915  0.686771 -0.718499 -0.045089 0.100359  0.204756 0.082377 -1.607475
3.480000  0.549648 0.300179 0.138909  0.686685 -0.718588 -0.045199 0.100259  0.204764 0.082108 -1.607753
3.482000  0.549649 0.300175 0.138918  0.686732 -0.718542 -0.045177 0.100277  0.204764 0.082151 -1.607616
3.484000  0.549651 0.300175 0.138907  0.686635 -0.718637 -0.045210 0.100244  0.204754 0.082085 -1.607896
3.486000  0.549658 0.300172 0.138915  0.686675 -0.718593 -0.045107 0.100333  0.204736 0.082342 -1.607752
3.488000  0.549669 0.300166 0.138914  0.686777 -0.718486 -0.044940 0.100480  0.204715 0.082754 -1.607413
3.490000  0.549679 0.300166 0.138902  0.686646 -0.718607 -0.044861 0.100544  0.204677 0.082992 -1.607749
3.492000  0.549694 0.300166 0.138906  0.686650 -0.718591 -0.044648 0.100728  0.204631 0.083548 -1.607665
3.494000  0.549709 0.300170 0.138889  0.686511 -0.718714 -0.044488 0.100862  0.204574 0.083998 -1.607994
3.496000  0.549717 0.300168 0.138901  0.686545 -0.718673 -0.044419 0.100957  0.204614 0.084219 -1.607864
3.498000  0.549723 0.300161 0.138905  0.686652 -0.718563 -0.044407 0.101012  0.204686 0.084282 -1.607546
3.500000  0.549728 0.300159 0.138895  0.686545 -0.718665 -0.044431 0.101006  0.204700 0.084271 -1.607844
3.502000  0.549725 0.300155 0.138905  0.686595 -0.718615 -0.044531 0.100975  0.204807 0.084074 -1.607717
3.504000  0.549721 0.300152 0.138892  0.686498 -0.718711 -0.044626 0.100913  0.204846 0.083882 -1.608009
3.506000  0.549712 0.300146 0.138904  0.686567 -0.718649 -0.044825 0.100792  0.204968 0.083414 -1.607866
3.508000  0.549706 0.300136 0.138910  0.686710 -0.718513 -0.044952 0.100735  0.205086 0.083116 -1.607494
3.510000  0.549698 0.300131 0.138904  0.686625 -0.718602 -0.045105 0.100617  0.205131 0.082761 -1.607777
3.512000  0.549697 0.300127 0.138915  0.686681 -0.718549 -0.045143 0.100595  0.205159 0.082662 -1.607631
3.514000  0.549695 0.300126 0.138904  0.686590 -0.718640 -0.045222 0.100525  0.205164 0.082478 -1.607909
3.516000  0.549699 0.300122 0.138913  0.686638 -0.718592 -0.045169 0.100571  0.205159 0.082603 -1.607759
3.518000  0.549706 0.300115 0.138913  0.686748 -0.718479 -0.045052 0.100676  0.205152 0.082884 -1.607413
3.520000  0.549713 0.300115 0.138902  0.686626 -0.718594 -0.045023 0.100698  0.205127 0.082990 -1.607742
3.522000  0.549725 0.300114 0.138908  0.686638 -0.718573 -0.044859 0.100841  0.205095 0.083416 -1.607651
3.524000  0.549736 0.300118 0.138892  0.686508 -0.718691 -0.044749 0.100933  0.205052 0.083735 -1.607973
3.526000  0.549741 0.300115 0.138903  0.686546 -0.718648 -0.044728 0.100988  0.205103 0.083832 -1.607847
3.528000  0.549744 0.300107 0.138906  0.686658 -0.718537 -0.044763 0.101002  0.205186 0.083771 -1.607531
3.530000  0.549745 0.300104 0.138896  0.686552 -0.718641 -0.044829 0.100956  0.205204 0.083645 -1.607842
3.532000  0.549751 0.300102 0.138904  0.686588 -0.718601 -0.044759 0.101030  0.205213 0.083836 -1.607715
3.534000  0.549757 0.300103 0.138890  0.686478 -0.718704 -0.044743 0.101053  0.205209 0.083923 -1.608009
3.536000  0.549756 0.300099 0.138902  0.686530 -0.718651 -0.044812 0.101040  0.205296 0.083794 -1.607869
3.538000  0.549753 0.300090 0.138905  0.686657 -0.718529 -0.044937 0.100986  0.205416 0.083508 -1.607539
3.540000  0.549749 0.300084 0.138896  0.686558 -0.718631 -0.045075 0.100878  0.205450 0.083190 -1.607857
3.542000  0.549749 0.300080 0.138907  0.686609 -0.718581 -0.045079 0.100884  0.205470 0.083180 -1.607713
3.544000  0.549750 0.300080 0.138896  0.686517 -0.718671 -0.045128 0.100843  0.205472 0.083079 -1.607982
3.546000  0.549756 0.300077 0.138905  0.686562 -0.718623 -0.045045 0.100920  0.205465 0.083291 -1.607828
3.548000  0.549766 0.300070 0.138904  0.686670 -0.718510 -0.044896 0.101055  0.205456 0.083658 -1.607479
3.550000  0.549775 0.300070 0.138893  0.686543 -0.718628 -0.044836 0.101107  0.205428 0.083851 -1.607808
3.552000  0.549777 0.300068 0.138904  0.686576 -0.718591 -0.044855 0.101133  0.205495 0.083852 -1.607704
3.554000  0.549778 0.300068 0.138891  0.686473 -0.718689 -0.044887 0.101123  0.205516 0.083822 -1.607994
3.556000  0.549773 0.300063 0.138903  0.686532 -0.718634 -0.045016 0.101062  0.205623 0.083540 -1.607856
3.558000  0.549772 0.300054 0.138907  0.686660 -0.718507 -0.045077 0.101061  0.205724 0.083418 -1.607500
3.560000  0.549770 0.300050 0.138899  0.686562 -0.718604 -0.045173 0.100998  0.205762 0.083223 -1.607798
3.562000  0.549773 0.300047 0.138908  0.686604 -0.718560 -0.045149 0.101034  0.205784 0.083295 -1.607668
3.564000  0.549775 0.300048 0.138896  0.686500 -0.718660 -0.045171 0.101022  0.205786 0.083278 -1.607958
3.566000  0.549784 0.300046 0.138904  0.686535 -0.718619 -0.045058 0.101128  0.205778 0.083574 -1.607821
3.568000  0.549796 0.300040 0.138902  0.686632 -0.718514 -0.044881 0.101293  0.205768 0.084027 -1.607487
3.570000  0.549808 0.300041 0.138889  0.686496 -0.718637 -0.044791 0.101376  0.205740 0.084307 -1.607828
3.572000  0.549812 0.300039 0.138901  0.686526 -0.718601 -0.044783 0.101430  0.205808 0.084386 -1.607723
3.574000  0.549815 0.300039 0.138889  0.686423 -0.718697 -0.044787 0.101450  0.205830 0.084438 -1.608000
3.576000  0.549813 0.300034 0.138901  0.686481 -0.718640 -0.044888 0.101418  0.205937 0.084237 -1.607852
3.578000  0.549809 0.300025 0.138904  0.686613 -0.718514 -0.045044 0.101346  0.206075 0.083879 -1.607516
3.580000  0.549802 0.300019 0.138895  0.686514 -0.718616 -0.045205 0.101220  0.206117 0.083507 -1.607839
3.582000  0.549801 0.300014 0.138906  0.686568 -0.718565 -0.045234 0.101206  0.206144 0.083431 -1.607698
3.584000  0.549800 0.300014 0.138895  0.686477 -0.718656 -0.045304 0.101144  0.206149 0.083271 -1.607973
3.586000  0.549804 0.300010 0.138905  0.686524 -0.718608 -0.045243 0.101199  0.206143 0.083421 -1.607821
3.588000  0.549812 0.300003 0.138904  0.686633 -0.718495 -0.045116 0.101313  0.206135 0.083727 -1.607474
3.590000  0.549820 0.300003 0.138893  0.686509 -0.718611 -0.045078 0.101344  0.206110 0.083859 -1.607803
3.592000  0.549820 0.300000 0.138904  0.686546 -0.718574 -0.045117 0.101349  0.206178 0.083801 -1.607701
3.594000  0.549820 0.300000 0.138892  0.686444 -0.718672 -0.045170 0.101318  0.206199 0.083713 -1.607994
3.596000  0.549826 0.299997 0.138901  0.686485 -0.718626 -0.045098 0.101394  0.206206 0.083908 -1.607850
3.598000  0.549830 0.299989 0.138904  0.686607 -0.718506 -0.045087 0.101425  0.206248 0.083934 -1.607502
3.600000  0.549834 0.299986 0.138895  0.686502 -0.718609 -0.045134 0.101385  0.206249 0.083842 -1.607808
3.602000  0.549830 0.299982 0.138905  0.686551 -0.718563 -0.045248 0.101333  0.206344 0.083595 -1.607694
3.604000  0.549824 0.299980 0.138893  0.686453 -0.718661 -0.045363 0.101247  0.206377 0.083342 -1.607996
3.606000  0.549826 0.299976 0.138904  0.686507 -0.718607 -0.045352 0.101265  0.206394 0.083367 -1.607841
3.608000  0.549831 0.299968 0.138905  0.686623 -0.718491 -0.045277 0.101342  0.206407 0.083547 -1.607490
3.610000  0.549835 0.299968 0.138896  0.686510 -0.718598 -0.045288 0.101337  0.206404 0.083557 -1.607803
3.612000  0.549845 0.299966 0.138902  0.686532 -0.718569 -0.045166 0.101452  0.206393 0.083884 -1.607698
3.614000  0.549854 0.299969 0.138888  0.686410 -0.718681 -0.045097 0.101517  0.206371 0.084105 -1.608007
3.616000  0.549856 0.299965 0.138900  0.686455 -0.718632 -0.045116 0.101544  0.206442 0.084105 -1.607871
3.618000  0.549857 0.299957 0.138904  0.686575 -0.718515 -0.045191 0.101531  0.206546 0.083949 -1.607547
3.620000  0.549856 0.299953 0.138895  0.686473 -0.718616 -0.045286 0.101462  0.206573 0.083748 -1.607855
3.622000  0.549848 0.299948 0.138905  0.686532 -0.718563 -0.045463 0.101361  0.206692 0.083342 -1.607733
3.624000  0.549838 0.299944 0.138893  0.686442 -0.718657 -0.045628 0.101231  0.206736 0.082954 -1.608033
3.626000  0.549836 0.299939 0.138907  0.686509 -0.718594 -0.045668 0.101203  0.206760 0.082839 -1.607858
3.628000  0.549837 0.299930 0.138910  0.686639 -0.718468 -0.045644 0.101232  0.206782 0.082876 -1.607490
3.630000  0.549838 0.299928 0.138903  0.686541 -0.718565 -0.045706 0.101179  0.206787 0.082744 -1.607781
3.632000  0.549843 0.299925 0.138911  0.686576 -0.718526 -0.045636 0.101246  0.206784 0.082926 -1.607656
3.634000  0.549849 0.299927 0.138898  0.686468 -0.718628 -0.045620 0.101262  0.206771 0.083000 -1.607948
3.636000  0.549860 0.299925 0.138905  0.686496 -0.718592 -0.045468 0.101400  0.206750 0.083399 -1.607816
3.638000  0.549875 0.299920 0.138902  0.686586 -0.718491 -0.045251 0.101596  0.206726 0.083953 -1.607489
3.640000  0.549889 0.299921 0.138889  0.686444 -0.718619 -0.045122 0.101710  0.206685 0.084335 -1.607835
3.642000  0.549896 0.299920 0.138900  0.686471 -0.718585 -0.045075 0.101795  0.206742 0.084512 -1.607728
3.644000  0.549902 0.299921 0.138888  0.686365 -0.718680 -0.045047 0.101844  0.206759 0.084650 -1.608000
3.646000  0.549902 0.299916 0.138900  0.686420 -0.718624 -0.045113 0.101845  0.206861 0.084543 -1.607848
3.648000  0.549900 0.299907 0.138904  0.686549 -0.718499 -0.045235 0.101804  0.206995 0.084280 -1.607508
3.650000  0.549896 0.299901 0.138895  0.686447 -0.718601 -0.045364 0.101710  0.207035 0.083997 -1.607826
3.652000  0.549886 0.299896 0.138905  0.686508 -0.718548 -0.045579 0.101579  0.207166 0.083494 -1.607710
3.654000  0.549873 0.299892 0.138893  0.686419 -0.718643 -0.045776 0.101421  0.207215 0.083023 -1.608019
3.656000  0.549869 0.299886 0.138907  0.686490 -0.718578 -0.045848 0.101361  0.207243 0.082819 -1.607845
3.658000  0.549867 0.299877 0.138912  0.686623 -0.718451 -0.045855 0.101360  0.207268 0.082769 -1.607479
3.660000  0.549866 0.299874 0.138905  0.686531 -0.718545 -0.045948 0.101279  0.207275 0.082552 -1.607766
3.662000  0.549869 0.299871 0.138914  0.686573 -0.718502 -0.045907 0.101316  0.207274 0.082649 -1.607637
3.664000  0.549872 0.299872 0.138902  0.686470 -0.718601 -0.045922 0.101302  0.207263 0.082637 -1.607924
3.666000  0.549881 0.299869 0.138910  0.686505 -0.718561 -0.045800 0.101410  0.207244 0.082950 -1.607787
3.668000  0.549893 0.299864 0.138907  0.686601 -0.718457 -0.045613 0.101576  0.207222 0.083417 -1.607454
3.670000  0.549905 0.299865 0.138895  0.686466 -0.718581 -0.045515 0.101660  0.207184 0.083712 -1.607794
3.672000  0.549922 0.299865 0.138899  0.686465 -0.718568 -0.045281 0.101865  0.207137 0.084325 -1.607715
3.674000  0.549938 0.299870 0.138881  0.686322 -0.718694 -0.045102 0.102019  0.207080 0.084833 -1.608049
3.676000  0.549947 0.299867 0.138895  0.686356 -0.718650 -0.045016 0.102132  0.207122 0.085102 -1.607907
3.678000  0.549955 0.299861 0.138900  0.686464 -0.718538 -0.044986 0.102206  0.207196 0.085218 -1.607581
3.680000  0.549961 0.299858 0.138891  0.686361 -0.718635 -0.044991 0.102221  0.207211 0.085262 -1.607860
3.682000  0.549961 0.299854 0.138901  0.686414 -0.718580 -0.045071 0.102210  0.207318 0.085121 -1.607717
3.684000  0.549958 0.299851 0.138890  0.686318 -0.718673 -0.045146 0.102169  0.207357 0.084985 -1.607996
3.686000  0.549950 0.299845 0.138901  0.686388 -0.718609 -0.045324 0.102069  0.207480 0.084576 -1.607844
3.688000  0.549941 0.299834 0.138904  0.686532 -0.718477 -0.045558 0.101928  0.207635 0.084010 -1.607504
3.690000  0.549928 0.299827 0.138896  0.686439 -0.718578 -0.045788 0.101737  0.207685 0.083446 -1.607835
3.692000  0.549922 0.299821 0.138909  0.686505 -0.718521 -0.045886 0.101655  0.207716 0.083177 -1.607687
3.694000  0.549915 0.299819 0.138900  0.686428 -0.718603 -0.046021 0.101528  0.207723 0.082831 -1.607949
3.696000  0.549915 0.299814 0.138911  0.686490 -0.718546 -0.046026 0.101516  0.207720 0.082790 -1.607784
3.698000  0.549917 0.299806 0.138912  0.686614 -0.718425 -0.045966 0.101563  0.207714 0.082904 -1.607424
3.700000  0.549920 0.299804 0.138903  0.686505 -0.718532 -0.045995 0.101526  0.207691 0.082843 -1.607739
3.702000  0.549927 0.299802 0.138911  0.686530 -0.718502 -0.045889 0.101610  0.207660 0.083101 -1.607635
3.704000  0.549933 0.299804 0.138896  0.686413 -0.718613 -0.045838 0.101643  0.207620 0.083253 -1.607944
3.706000  0.549946 0.299803 0.138903  0.686433 -0.718584 -0.045649 0.101799  0.207571 0.083730 -1.607827
3.708000  0.549963 0.299798 0.138899  0.686516 -0.718490 -0.045395 0.102014  0.207520 0.084363 -1.607513
3.710000  0.549978 0.299800 0.138884  0.686368 -0.718623 -0.045229 0.102147  0.207451 0.084825 -1.607868
3.712000  0.549987 0.299798 0.138897  0.686394 -0.718589 -0.045148 0.102249  0.207482 0.085074 -1.607756
3.714000  0.549993 0.299792 0.138901  0.686493 -0.718487 -0.045123 0.102311  0.207546 0.085167 -1.607456
3.716000  0.549999 0.299790 0.138892  0.686380 -0.718594 -0.045139 0.102311  0.207555 0.085178 -1.607769
3.718000  0.549997 0.299787 0.138902  0.686424 -0.718550 -0.045228 0.102288  0.207657 0.085010 -1.607657
3.720000  0.549993 0.299785 0.138890  0.686323 -0.718649 -0.045313 0.102235  0.207693 0.084845 -1.607957
3.722000  0.549984 0.299779 0.138902  0.686388 -0.718591 -0.045502 0.102123  0.207813 0.084406 -1.607822
3.724000  0.549974 0.299769 0.138905  0.686527 -0.718464 -0.045746 0.101970  0.207965 0.083810 -1.607499
3.726000  0.549961 0.299761 0.138896  0.686434 -0.718566 -0.045986 0.101767  0.208013 0.083217 -1.607835
3.728000  0.549954 0.299756 0.138910  0.686501 -0.718508 -0.046091 0.101676  0.208043 0.082922 -1.607688
3.730000  0.549946 0.299753 0.138902  0.686428 -0.718587 -0.046235 0.101540  0.208049 0.082550 -1.607943
3.732000  0.549945 0.299748 0.138914  0.686493 -0.718528 -0.046249 0.101519  0.208045 0.082483 -1.607773
3.734000  0.549947 0.299739 0.138915  0.686620 -0.718405 -0.046198 0.101556  0.208039 0.082570 -1.607408
3.736000  0.549948 0.299737 0.138907  0.686514 -0.718510 -0.046236 0.101509  0.208016 0.082482 -1.607720
3.738000  0.549955 0.299735 0.138914  0.686542 -0.718479 -0.046140 0.101583  0.207985 0.082712 -1.607612
3.740000  0.549961 0.299737 0.138900  0.686428 -0.718588 -0.046098 0.101606  0.207945 0.082835 -1.607919
3.742000  0.549973 0.299735 0.138907  0.686450 -0.718557 -0.045919 0.101752  0.207896 0.083283 -1.607799
3.744000  0.549988 0.299730 0.138903  0.686535 -0.718462 -0.045676 0.101956  0.207845 0.083886 -1.607483
3.746000  0.550003 0.299732 0.138889  0.686390 -0.718594 -0.045520 0.102079  0.207776 0.084318 -1.607835
3.748000  0.550011 0.299731 0.138901  0.686414 -0.718562 -0.045447 0.102171  0.207807 0.084542 -1.607730
3.750000  0.550018 0.299732 0.138889  0.686309 -0.718657 -0.045408 0.102224  0.207812 0.084701 -1.607998
3.752000  0.550018 0.299728 0.138900  0.686363 -0.718601 -0.045458 0.102234  0.207904 0.084631 -1.607846
3.754000  0.550018 0.299719 0.138904  0.686491 -0.718477 -0.045563 0.102203  0.208027 0.084404 -1.607506
3.756000  0.550015 0.299714 0.138895  0.686388 -0.718579 -0.045681 0.102117  0.208063 0.084149 -1.607822
3.758000  0.550005 0.299708 0.138905  0.686448 -0.718527 -0.045883 0.101996  0.208190 0.083679 -1.607705
3.760000  0.549993 0.299704 0.138893  0.686358 -0.718622 -0.046069 0.101848  0.208237 0.083237 -1.608012
3.762000  0.549990 0.299699 0.138907  0.686427 -0.718559 -0.046130 0.101798  0.208264 0.083062 -1.607843
3.764000  0.549989 0.299690 0.138910  0.686557 -0.718433 -0.046127 0.101807  0.208287 0.083041 -1.607480
3.766000  0.549988 0.299688 0.138902  0.686461 -0.718530 -0.046210 0.101735  0.208294 0.082852 -1.607774
3.768000  0.549992 0.299685 0.138911  0.686499 -0.718491 -0.046159 0.101783  0.208292 0.082978 -1.607650
3.770000  0.549996 0.299686 0.138898  0.686394 -0.718591 -0.046163 0.101778  0.208280 0.082997 -1.607942
3.772000  0.550006 0.299684 0.138906  0.686425 -0.718553 -0.046030 0.101897  0.208260 0.083341 -1.607809
3.774000  0.550019 0.299678 0.138903  0.686519 -0.718451 -0.045833 0.102075  0.208237 0.083839 -1.607479
3.776000  0.550032 0.299679 0.138891  0.686380 -0.718577 -0.045723 0.102169  0.208198 0.084165 -1.607823
3.778000  0.550037 0.299678 0.138902  0.686408 -0.718543 -0.045695 0.102236  0.208255 0.084290 -1.607719
3.780000  0.550042 0.299678 0.138890  0.686303 -0.718639 -0.045685 0.102266  0.208272 0.084377 -1.607996
3.782000  0.550040 0.299674 0.138901  0.686359 -0.718583 -0.045770 0.102247  0.208374 0.084217 -1.607850
3.784000  0.550037 0.299664 0.138905  0.686489 -0.718458 -0.045911 0.102188  0.208508 0.083899 -1.607514
3.786000  0.550032 0.299658 0.138895  0.686389 -0.718561 -0.046058 0.102075  0.208548 0.083564 -1.607836
3.788000  0.550032 0.299655 0.138906  0.686439 -0.718512 -0.046073 0.102073  0.208573 0.083525 -1.607698
3.790000  0.550031 0.299654 0.138895  0.686345 -0.718605 -0.046132 0.102024  0.208576 0.083401 -1.607977
3.792000  0.550037 0.299651 0.138904  0.686389 -0.718558 -0.046057 0.102092  0.208570 0.083589 -1.607829
3.794000  0.550046 0.299644 0.138902  0.686495 -0.718448 -0.045917 0.102218  0.208561 0.083932 -1.607486
3.796000  0.550055 0.299645 0.138891  0.686368 -0.718566 -0.045866 0.102262  0.208535 0.084101 -1.607818
3.798000  0.550056 0.299642 0.138902  0.686404 -0.718528 -0.045894 0.102279  0.208603 0.084076 -1.607713
3.800000  0.550056 0.299641 0.138890  0.686303 -0.718625 -0.045935 0.102262  0.208625 0.084024 -1.607999
3.802000  0.550051 0.299636 0.138902  0.686364 -0.718567 -0.046072 0.102192  0.208732 0.083717 -1.607858
3.804000  0.550049 0.299628 0.138906  0.686494 -0.718440 -0.046141 0.102183  0.208834 0.083571 -1.607502
3.806000  0.550046 0.299624 0.138899  0.686396 -0.718537 -0.046246 0.102111  0.208871 0.083351 -1.607800
3.808000  0.550048 0.299621 0.138908  0.686439 -0.718492 -0.046230 0.102138  0.208893 0.083399 -1.607670
3.810000  0.550050 0.299621 0.138895  0.686337 -0.718591 -0.046260 0.102117  0.208894 0.083358 -1.607960
3.812000  0.550058 0.299619 0.138904  0.686373 -0.718550 -0.046156 0.102215  0.208886 0.083631 -1.607822
3.814000  0.550070 0.299613 0.138902  0.686471 -0.718444 -0.045986 0.102372  0.208876 0.084059 -1.607489
3.816000  0.550081 0.299614 0.138889  0.686337 -0.718567 -0.045905 0.102446  0.208848 0.084315 -1.607828
3.818000  0.550084 0.299612 0.138901  0.686369 -0.718530 -0.045905 0.102492  0.208916 0.084371 -1.607723
3.820000  0.550087 0.299612 0.138889  0.686266 -0.718626 -0.045917 0.102503  0.208938 0.084401 -1.608001
3.822000  0.550084 0.299607 0.138901  0.686325 -0.718568 -0.046025 0.102463  0.209044 0.084177 -1.607854
3.824000  0.550079 0.299597 0.138904  0.686459 -0.718442 -0.046189 0.102383  0.209182 0.083796 -1.607518
3.826000  0.550072 0.299591 0.138895  0.686361 -0.718544 -0.046358 0.102249  0.209225 0.083401 -1.607842
3.828000  0.550070 0.299586 0.138907  0.686416 -0.718492 -0.046394 0.102227  0.209251 0.083304 -1.607699
3.830000  0.550068 0.299585 0.138896  0.686328 -0.718581 -0.046472 0.102157  0.209255 0.083123 -1.607969
3.832000  0.550072 0.299581 0.138906  0.686377 -0.718531 -0.046417 0.102205  0.209250 0.083252 -1.607815
3.834000  0.550080 0.299574 0.138906  0.686488 -0.718417 -0.046298 0.102311  0.209241 0.083535 -1.607464
3.836000  0.550087 0.299574 0.138895  0.686367 -0.718532 -0.046268 0.102334  0.209216 0.083644 -1.607791
3.838000  0.550099 0.299573 0.138901  0.686380 -0.718510 -0.046103 0.102477  0.209183 0.084072 -1.607698
3.840000  0.550110 0.299577 0.138885  0.686250 -0.718627 -0.045992 0.102570  0.209140 0.084395 -1.608019
3.842000  0.550115 0.299574 0.138898  0.686291 -0.718581 -0.045971 0.102625  0.209193 0.084489 -1.607882
3.844000  0.550118 0.299566 0.138903  0.686406 -0.718467 -0.046006 0.102640  0.209277 0.084429 -1.607559
3.846000  0.550119 0.299562 0.138893  0.686305 -0.718566 -0.046071 0.102595  0.209296 0.084306 -1.607855
3.848000  0.550113 0.299557 0.138904  0.686362 -0.718513 -0.046214 0.102524  0.209407 0.083990 -1.607727
3.850000  0.550106 0.299554 0.138892  0.686271 -0.718606 -0.046349 0.102422  0.209448 0.083684 -1.608019
3.852000  0.550106 0.299549 0.138903  0.686331 -0.718548 -0.046362 0.102420  0.209470 0.083645 -1.607855
3.854000  0.550109 0.299542 0.138904  0.686453 -0.718426 -0.046310 0.102476  0.209489 0.083762 -1.607494
3.856000  0.550112 0.299540 0.138895  0.686344 -0.718531 -0.046346 0.102450  0.209491 0.083705 -1.607805
3.858000  0.550120 0.299539 0.138902  0.686370 -0.718500 -0.046248 0.102544  0.209486 0.083968 -1.607697
3.860000  0.550127 0.299541 0.138888  0.686252 -0.718609 -0.046204 0.102587  0.209470 0.084124 -1.608004
3.862000  0.550128 0.299537 0.138900  0.686300 -0.718559 -0.046246 0.102595  0.209548 0.084062 -1.607868
3.864000  0.550127 0.299529 0.138904  0.686422 -0.718441 -0.046345 0.102561  0.209657 0.083843 -1.607545
3.866000  0.550124 0.299524 0.138895  0.686322 -0.718542 -0.046461 0.102473  0.209686 0.083585 -1.607856
3.868000  0.550127 0.299520 0.138904  0.686369 -0.718495 -0.046443 0.102499  0.209703 0.083633 -1.607718
3.870000  0.550129 0.299521 0.138893  0.686271 -0.718590 -0.046474 0.102475  0.209703 0.083586 -1.607998
3.872000  0.550137 0.299518 0.138901  0.686309 -0.718546 -0.046370 0.102572  0.209694 0.083856 -1.607853
3.874000  0.550143 0.299510 0.138904  0.686429 -0.718427 -0.046326 0.102625  0.209721 0.083957 -1.607500
3.876000  0.550148 0.299508 0.138895  0.686323 -0.718530 -0.046352 0.102603  0.209715 0.083920 -1.607803
3.878000  0.550146 0.299504 0.138905  0.686369 -0.718484 -0.046441 0.102573  0.209805 0.083740 -1.607687
3.880000  0.550142 0.299502 0.138893  0.686269 -0.718583 -0.046534 0.102508  0.209836 0.083548 -1.607988
3.882000  0.550145 0.299499 0.138903  0.686318 -0.718533 -0.046502 0.102547  0.209851 0.083633 -1.607838
3.884000  0.550152 0.299492 0.138903  0.686429 -0.718419 -0.046405 0.102645  0.209863 0.083874 -1.607492
3.886000  0.550158 0.299491 0.138893  0.686310 -0.718531 -0.046396 0.102660  0.209857 0.083943 -1.607814
3.888000  0.550157 0.299488 0.138903  0.686349 -0.718491 -0.046464 0.102649  0.209945 0.083822 -1.607710
3.890000  0.550155 0.299487 0.138891  0.686249 -0.718588 -0.046535 0.102607  0.209975 0.083693 -1.608003
3.892000  0.550160 0.299484 0.138901  0.686295 -0.718539 -0.046482 0.102666  0.209989 0.083835 -1.607853
3.894000  0.550163 0.299475 0.138904  0.686419 -0.718418 -0.046490 0.102682  0.210036 0.083812 -1.607504
3.896000  0.550166 0.299472 0.138895  0.686315 -0.718521 -0.046553 0.102627  0.210038 0.083676 -1.607812
3.898000  0.550172 0.299470 0.138903  0.686348 -0.718484 -0.046475 0.102701  0.210035 0.083881 -1.607692
3.900000  0.550178 0.299472 0.138889  0.686235 -0.718590 -0.046452 0.102724  0.210021 0.083978 -1.607994
3.902000  0.550177 0.299468 0.138901  0.686286 -0.718539 -0.046513 0.102712  0.210099 0.083861 -1.607859
3.904000  0.550175 0.299459 0.138905  0.686411 -0.718420 -0.046631 0.102660  0.210209 0.083587 -1.607535
3.906000  0.550170 0.299454 0.138896  0.686311 -0.718521 -0.046766 0.102552  0.210239 0.083275 -1.607853
3.908000  0.550171 0.299450 0.138906  0.686361 -0.718472 -0.046766 0.102560  0.210255 0.083273 -1.607712
3.910000  0.550172 0.299450 0.138895  0.686269 -0.718564 -0.046813 0.102520  0.210255 0.083177 -1.607984
3.912000  0.550178 0.299446 0.138905  0.686312 -0.718516 -0.046726 0.102598  0.210247 0.083396 -1.607832
3.914000  0.550188 0.299440 0.138903  0.686418 -0.718405 -0.046575 0.102736  0.210236 0.083770 -1.607484
3.916000  0.550198 0.299440 0.138892  0.686290 -0.718524 -0.046513 0.102789  0.210207 0.083969 -1.607815
3.918000  0.550200 0.299438 0.138903  0.686324 -0.718486 -0.046529 0.102817  0.210274 0.083977 -1.607710
3.920000  0.550201 0.299437 0.138891  0.686222 -0.718584 -0.046559 0.102809  0.210295 0.083953 -1.607996
3.922000  0.550196 0.299432 0.138902  0.686281 -0.718527 -0.046685 0.102750  0.210400 0.083677 -1.607856
3.924000  0.550196 0.299424 0.138906  0.686409 -0.718401 -0.046744 0.102752  0.210501 0.083560 -1.607501
3.926000  0.550193 0.299420 0.138898  0.686309 -0.718499 -0.046839 0.102689  0.210538 0.083369 -1.607802
3.928000  0.550196 0.299417 0.138907  0.686351 -0.718456 -0.046813 0.102727  0.210559 0.083446 -1.607673
3.930000  0.550199 0.299418 0.138895  0.686246 -0.718556 -0.046833 0.102716  0.210560 0.083434 -1.607965
3.932000  0.550208 0.299416 0.138902  0.686280 -0.718516 -0.046718 0.102824  0.210552 0.083737 -1.607829
3.934000  0.550215 0.299408 0.138905  0.686395 -0.718400 -0.046664 0.102889  0.210580 0.083869 -1.607486
3.936000  0.550221 0.299407 0.138896  0.686285 -0.718506 -0.046679 0.102879  0.210574 0.083866 -1.607794
3.938000  0.550220 0.299403 0.138906  0.686328 -0.718462 -0.046757 0.102859  0.210664 0.083718 -1.607681
3.940000  0.550217 0.299401 0.138893  0.686226 -0.718561 -0.046839 0.102806  0.210695 0.083558 -1.607983
3.942000  0.550221 0.299398 0.138903  0.686272 -0.718513 -0.046796 0.102856  0.210709 0.083675 -1.607836
3.944000  0.550229 0.299392 0.138903  0.686381 -0.718401 -0.046688 0.102965  0.210721 0.083947 -1.607493
3.946000  0.550236 0.299392 0.138892  0.686259 -0.718515 -0.046669 0.102991  0.210716 0.084046 -1.607818
3.948000  0.550236 0.299389 0.138903  0.686297 -0.718475 -0.046727 0.102991  0.210804 0.083955 -1.607713
3.950000  0.550234 0.299387 0.138891  0.686196 -0.718571 -0.046787 0.102959  0.210834 0.083855 -1.608003
3.952000  0.550227 0.299382 0.138902  0.686260 -0.718513 -0.046948 0.102871  0.210948 0.083488 -1.607863
3.954000  0.550224 0.299373 0.138908  0.686395 -0.718382 -0.047038 0.102845  0.211057 0.083286 -1.607501
3.956000  0.550219 0.299368 0.138901  0.686303 -0.718474 -0.047160 0.102757  0.211097 0.083020 -1.607791
3.958000  0.550220 0.299365 0.138911  0.686351 -0.718426 -0.047164 0.102766  0.211122 0.083014 -1.607653
3.960000  0.550221 0.299365 0.138899  0.686254 -0.718522 -0.047211 0.102728  0.211124 0.082921 -1.607937
3.962000  0.550227 0.299362 0.138908  0.686295 -0.718477 -0.047126 0.102807  0.211118 0.083140 -1.607794
3.964000  0.550237 0.299356 0.138907  0.686397 -0.718369 -0.046976 0.102944  0.211108 0.083513 -1.607454
3.966000  0.550247 0.299356 0.138895  0.686268 -0.718489 -0.046914 0.102999  0.211082 0.083713 -1.607789
3.968000  0.550261 0.299356 0.138900  0.686273 -0.718472 -0.046718 0.103174  0.211048 0.084232 -1.607705
3.970000  0.550275 0.299360 0.138883  0.686136 -0.718594 -0.046576 0.103299  0.211004 0.084646 -1.608033
3.972000  0.550282 0.299358 0.138896  0.686173 -0.718550 -0.046526 0.103384  0.211058 0.084826 -1.607894
3.974000  0.550287 0.299351 0.138901  0.686284 -0.718437 -0.046530 0.103430  0.211143 0.084852 -1.607570
3.976000  0.550291 0.299347 0.138892  0.686181 -0.718534 -0.046564 0.103418  0.211163 0.084818 -1.607858
3.978000  0.550288 0.299343 0.138903  0.686236 -0.718480 -0.046676 0.103379  0.211274 0.084591 -1.607722
3.980000  0.550283 0.299340 0.138891  0.686143 -0.718573 -0.046781 0.103308  0.211315 0.084373 -1.608008
3.982000  0.550273 0.299333 0.138902  0.686215 -0.718509 -0.046989 0.103178  0.211439 0.083878 -1.607861
3.984000  0.550261 0.299322 0.138906  0.686362 -0.718376 -0.047253 0.103008  0.211595 0.083226 -1.607525
3.986000  0.550246 0.299314 0.138897  0.686273 -0.718475 -0.047513 0.102786  0.211644 0.082578 -1.607860
3.988000  0.550238 0.299307 0.138913  0.686348 -0.718411 -0.047635 0.102678  0.211675 0.082234 -1.607698
3.990000  0.550233 0.299298 0.138918  0.686484 -0.718284 -0.047693 0.102628  0.211704 0.082043 -1.607341
3.992000  0.550227 0.299295 0.138913  0.686394 -0.718380 -0.047833 0.102498  0.211711 0.081691 -1.607643
3.994000  0.550221 0.299294 0.138879  0.686212 -0.718565 -0.048006 0.102336  0.211711 0.081274 -1.608209
3.996000  0.550224 0.299291 0.138901  0.686255 -0.718523 -0.047959 0.102369  0.211696 0.081375 -1.608078
3.998000  0.550231 0.299284 0.138911  0.686355 -0.718422 -0.047853 0.102457  0.211678 0.081617 -1.607767
4.000000  0.550240 0.299275 0.138909  0.686515 -0.718259 -0.047685 0.102601  0.211657 0.082007 -1.607267
4.002000  0.550249 0.299274 0.138904  0.686390 -0.718376 -0.047628 0.102642  0.211618 0.082181 -1.607595
4.004000  0.550257 0.299275 0.138870  0.686178 -0.718580 -0.047604 0.102650  0.211573 0.082288 -1.608178
4.006000  0.550274 0.299275 0.138886  0.686180 -0.718564 -0.047366 0.102851  0.211515 0.082901 -1.608090
4.008000  0.550293 0.299272 0.138890  0.686240 -0.718490 -0.047069 0.103106  0.211454 0.083658 -1.607821
4.010000  0.550316 0.299267 0.138883  0.686361 -0.718353 -0.046708 0.103418  0.211391 0.084566 -1.607362
4.012000  0.550338 0.299269 0.138873  0.686192 -0.718501 -0.046458 0.103627  0.211307 0.085258 -1.607743
4.014000  0.550353 0.299270 0.138888  0.686196 -0.718482 -0.046291 0.103808  0.211323 0.085743 -1.607658
4.016000  0.550367 0.299273 0.138879  0.686080 -0.718581 -0.046162 0.103948  0.211323 0.086156 -1.607921
4.018000  0.550375 0.299271 0.138892  0.686118 -0.718533 -0.046116 0.104050  0.211406 0.086352 -1.607775
4.020000  0.550382 0.299264 0.138897  0.686229 -0.718417 -0.046125 0.104113  0.211522 0.086395 -1.607443
4.022000  0.550386 0.299260 0.138889  0.686116 -0.718522 -0.046149 0.104121  0.211554 0.086406 -1.607750
4.024000  0.550384 0.299256 0.138899  0.686164 -0.718473 -0.046255 0.104095  0.211677 0.086209 -1.607628
4.026000  0.550380 0.299254 0.138887  0.686064 -0.718571 -0.046347 0.104043  0.211722 0.086037 -1.607926
4.028000  0.550371 0.299248 0.138899  0.686130 -0.718511 -0.046544 0.103927  0.211849 0.085580 -1.607789
4.030000  0.550360 0.299237 0.138903  0.686272 -0.718382 -0.046796 0.103771  0.212009 0.084967 -1.607462
4.032000  0.550347 0.299229 0.138894  0.686179 -0.718484 -0.047040 0.103566  0.212060 0.084366 -1.607800
4.034000  0.550327 0.299222 0.138905  0.686253 -0.718427 -0.047377 0.103317  0.212200 0.083524 -1.607698
4.036000  0.550304 0.299216 0.138893  0.686176 -0.718519 -0.047688 0.103043  0.212252 0.082727 -1.608021
4.038000  0.550291 0.299208 0.138912  0.686268 -0.718444 -0.047870 0.102872  0.212281 0.082205 -1.607836
4.040000  0.550281 0.299197 0.138920  0.686422 -0.718306 -0.047988 0.102758  0.212307 0.081835 -1.607460
4.042000  0.550270 0.299191 0.138916  0.686356 -0.718382 -0.048187 0.102566  0.212315 0.081305 -1.607717
4.044000  0.550265 0.299185 0.138929  0.686425 -0.718323 -0.048256 0.102491  0.212315 0.081084 -1.607559
4.046000  0.550259 0.299183 0.138920  0.686349 -0.718405 -0.048381 0.102364  0.212307 0.080753 -1.607818
4.048000  0.550259 0.299178 0.138931  0.686410 -0.718349 -0.048369 0.102359  0.212290 0.080744 -1.607654
4.050000  0.550262 0.299170 0.138932  0.686533 -0.718229 -0.048294 0.102412  0.212270 0.080888 -1.607293
4.052000  0.550265 0.299168 0.138923  0.686422 -0.718338 -0.048310 0.102380  0.212236 0.080852 -1.607610
4.054000  0.550273 0.299166 0.138930  0.686447 -0.718310 -0.048192 0.102469  0.212194 0.081136 -1.607508
4.056000  0.550280 0.299168 0.138916  0.686328 -0.718421 -0.048129 0.102506  0.212143 0.081310 -1.607819
4.058000  0.550293 0.299167 0.138922  0.686347 -0.718394 -0.047929 0.102666  0.212084 0.081809 -1.607703
4.060000  0.550310 0.299163 0.138918  0.686428 -0.718303 -0.047665 0.102885  0.212022 0.082462 -1.607391
4.062000  0.550326 0.299165 0.138903  0.686279 -0.718437 -0.047490 0.103021  0.211945 0.082940 -1.607747
4.064000  0.550347 0.299166 0.138905  0.686265 -0.718435 -0.047179 0.103277  0.211860 0.083739 -1.607682
4.066000  0.550368 0.299172 0.138885  0.686109 -0.718571 -0.046923 0.103483  0.211765 0.084431 -1.608029
4.068000  0.550381 0.299171 0.138898  0.686134 -0.718534 -0.046763 0.103649  0.211771 0.084881 -1.607893
4.070000  0.550393 0.299165 0.138902  0.686232 -0.718429 -0.046657 0.103774  0.211808 0.085176 -1.607571
4.072000  0.550404 0.299164 0.138893  0.686123 -0.718527 -0.046607 0.103834  0.211807 0.085362 -1.607847
4.074000  0.550408 0.299161 0.138902  0.686168 -0.718477 -0.046624 0.103878  0.211900 0.085387 -1.607704
4.076000  0.550410 0.299159 0.138890  0.686067 -0.718571 -0.046646 0.103887  0.211933 0.085401 -1.607980
4.078000  0.550406 0.299154 0.138901  0.686129 -0.718510 -0.046766 0.103842  0.212051 0.085151 -1.607825
4.080000  0.550401 0.299144 0.138904  0.686267 -0.718379 -0.046942 0.103757  0.212200 0.084746 -1.607481
4.082000  0.550393 0.299137 0.138895  0.686168 -0.718482 -0.047118 0.103620  0.212247 0.084337 -1.607808
4.084000  0.550379 0.299131 0.138905  0.686235 -0.718426 -0.047383 0.103442  0.212384 0.083697 -1.607697
4.086000  0.550363 0.299126 0.138893  0.686151 -0.718520 -0.047625 0.103238  0.212435 0.083096 -1.608012
4.088000  0.550355 0.299119 0.138909  0.686229 -0.718452 -0.047742 0.103134  0.212464 0.082764 -1.607837
4.090000  0.550350 0.299109 0.138914  0.686370 -0.718321 -0.047794 0.103087  0.212489 0.082585 -1.607469
4.092000  0.550345 0.299106 0.138908  0.686287 -0.718409 -0.047930 0.102961  0.212497 0.082243 -1.607748
4.094000  0.550344 0.299101 0.138919  0.686338 -0.718362 -0.047933 0.102954  0.212496 0.082213 -1.607611
4.096000  0.550344 0.299101 0.138907  0.686246 -0.718454 -0.047991 0.102894  0.212486 0.082073 -1.607889
4.098000  0.550349 0.299098 0.138917  0.686289 -0.718409 -0.047913 0.102957  0.212467 0.082258 -1.607743
4.100000  0.550358 0.299091 0.138916  0.686396 -0.718299 -0.047771 0.103079  0.212446 0.082597 -1.607400
4.102000  0.550366 0.299091 0.138904  0.686270 -0.718417 -0.047718 0.103116  0.212410 0.082760 -1.607732
4.104000  0.550379 0.299091 0.138909  0.686278 -0.718399 -0.047530 0.103275  0.212365 0.083244 -1.607644
4.106000  0.550392 0.299094 0.138893  0.686145 -0.718520 -0.047398 0.103383  0.212311 0.083620 -1.607969
4.108000  0.550411 0.299095 0.138897  0.686148 -0.718502 -0.047127 0.103614  0.212249 0.084322 -1.607867
4.110000  0.550428 0.299089 0.138901  0.686245 -0.718395 -0.046924 0.103799  0.212230 0.084836 -1.607524
4.112000  0.550444 0.299090 0.138892  0.686128 -0.718499 -0.046803 0.103906  0.212194 0.085190 -1.607802
4.114000  0.550453 0.299088 0.138902  0.686162 -0.718456 -0.046740 0.104010  0.212255 0.085415 -1.607667
4.116000  0.550460 0.299088 0.138889  0.686052 -0.718555 -0.046698 0.104075  0.212273 0.085596 -1.607944
4.118000  0.550461 0.299084 0.138900  0.686103 -0.718500 -0.046749 0.104092  0.212378 0.085536 -1.607795
4.120000  0.550461 0.299075 0.138903  0.686229 -0.718376 -0.046855 0.104070  0.212515 0.085320 -1.607457
4.122000  0.550459 0.299070 0.138894  0.686123 -0.718481 -0.046967 0.103994  0.212556 0.085089 -1.607780
4.124000  0.550450 0.299065 0.138904  0.686181 -0.718429 -0.047166 0.103881  0.212688 0.084634 -1.607666
4.126000  0.550438 0.299061 0.138892  0.686089 -0.718525 -0.047344 0.103741  0.212736 0.084215 -1.607976
4.128000  0.550422 0.299054 0.138903  0.686166 -0.718462 -0.047632 0.103534  0.212867 0.083501 -1.607848
4.130000  0.550410 0.299043 0.138912  0.686321 -0.718320 -0.047843 0.103396  0.212993 0.082966 -1.607475
4.132000  0.550396 0.299036 0.138908  0.686252 -0.718399 -0.048075 0.103200  0.213041 0.082388 -1.607747
4.134000  0.550388 0.299030 0.138921  0.686324 -0.718337 -0.048192 0.103096  0.213071 0.082057 -1.607590
4.136000  0.550379 0.299027 0.138912  0.686251 -0.718418 -0.048351 0.102945  0.213077 0.081645 -1.607853
4.138000  0.550377 0.299021 0.138924  0.686315 -0.718359 -0.048377 0.102910  0.213073 0.081539 -1.607689
4.140000  0.550378 0.299013 0.138926  0.686443 -0.718237 -0.048339 0.102934  0.213066 0.081588 -1.607328
4.142000  0.550378 0.299011 0.138917  0.686338 -0.718342 -0.048392 0.102873  0.213044 0.081458 -1.607642
4.144000  0.550383 0.299008 0.138925  0.686368 -0.718311 -0.048310 0.102933  0.213015 0.081649 -1.607535
4.146000  0.550388 0.299010 0.138912  0.686255 -0.718419 -0.048284 0.102941  0.212976 0.081731 -1.607842
4.148000  0.550399 0.299008 0.138918  0.686280 -0.718387 -0.048120 0.103073  0.212930 0.082137 -1.607721
4.150000  0.550414 0.299003 0.138915  0.686367 -0.718292 -0.047892 0.103264  0.212880 0.082699 -1.607403
4.152000  0.550427 0.299004 0.138902  0.686224 -0.718422 -0.047753 0.103371  0.212816 0.083086 -1.607753
4.154000  0.550446 0.299005 0.138904  0.686216 -0.718415 -0.047478 0.103600  0.212743 0.083793 -1.607683
4.156000  0.550465 0.299011 0.138885  0.686066 -0.718547 -0.047258 0.103777  0.212660 0.084394 -1.608024
4.158000  0.550476 0.299009 0.138898  0.686095 -0.718508 -0.047131 0.103915  0.212677 0.084756 -1.607889
4.160000  0.550486 0.299003 0.138903  0.686197 -0.718401 -0.047060 0.104013  0.212726 0.084964 -1.607567
4.162000  0.550494 0.299001 0.138893  0.686090 -0.718500 -0.047038 0.104047  0.212730 0.085074 -1.607849
4.164000  0.550495 0.298997 0.138903  0.686138 -0.718449 -0.047087 0.104062  0.212827 0.085014 -1.607710
4.166000  0.550495 0.298996 0.138891  0.686039 -0.718543 -0.047136 0.104044  0.212861 0.084949 -1.607990
4.168000  0.550489 0.298990 0.138902  0.686105 -0.718481 -0.047286 0.103970  0.212980 0.084616 -1.607839
4.170000  0.550482 0.298980 0.138905  0.686245 -0.718350 -0.047492 0.103856  0.213131 0.084127 -1.607499
4.172000  0.550472 0.298972 0.138896  0.686150 -0.718451 -0.047696 0.103690  0.213178 0.083636 -1.607828
4.174000  0.550467 0.298967 0.138908  0.686210 -0.718397 -0.047768 0.103633  0.213208 0.083438 -1.607686
4.176000  0.550462 0.298966 0.138897  0.686127 -0.718484 -0.047880 0.103529  0.213214 0.083161 -1.607957
4.178000  0.550464 0.298961 0.138908  0.686181 -0.718431 -0.047860 0.103542  0.213209 0.083191 -1.607801
4.180000  0.550469 0.298954 0.138908  0.686299 -0.718315 -0.047774 0.103614  0.213201 0.083377 -1.607449
4.182000  0.550473 0.298953 0.138898  0.686183 -0.718426 -0.047779 0.103602  0.213178 0.083387 -1.607771
4.184000  0.550482 0.298951 0.138905  0.686203 -0.718400 -0.047648 0.103712  0.213146 0.083719 -1.607673
4.186000  0.550491 0.298954 0.138890  0.686080 -0.718514 -0.047572 0.103770  0.213105 0.083943 -1.607988
4.188000  0.550493 0.298951 0.138902  0.686124 -0.718468 -0.047582 0.103792  0.213157 0.083947 -1.607857
4.190000  0.550493 0.298942 0.138905  0.686242 -0.718354 -0.047649 0.103775  0.213242 0.083794 -1.607538
4.192000  0.550492 0.298938 0.138896  0.686141 -0.718455 -0.047747 0.103696  0.213260 0.083577 -1.607849
4.194000  0.550496 0.298935 0.138905  0.686183 -0.718411 -0.047707 0.103739  0.213268 0.083680 -1.607716
4.196000  0.550499 0.298936 0.138892  0.686081 -0.718509 -0.047721 0.103730  0.213264 0.083679 -1.608001
4.198000  0.550508 0.298934 0.138900  0.686115 -0.718468 -0.047598 0.103844  0.213252 0.084000 -1.607861
4.200000  0.550516 0.298926 0.138903  0.686233 -0.718350 -0.047537 0.103914  0.213277 0.084149 -1.607507
4.202000  0.550523 0.298924 0.138894  0.686126 -0.718453 -0.047546 0.103908  0.213270 0.084160 -1.607805
4.204000  0.550522 0.298921 0.138904  0.686171 -0.718406 -0.047618 0.103895  0.213359 0.084028 -1.607685
4.206000  0.550519 0.298919 0.138892  0.686070 -0.718504 -0.047694 0.103847  0.213389 0.083884 -1.607982
4.208000  0.550511 0.298913 0.138903  0.686135 -0.718446 -0.047870 0.103744  0.213504 0.083475 -1.607847
4.210000  0.550507 0.298904 0.138909  0.686271 -0.718315 -0.047974 0.103704  0.213614 0.083234 -1.607486
4.212000  0.550501 0.298900 0.138902  0.686181 -0.718407 -0.048109 0.103603  0.213655 0.082929 -1.607777
4.214000  0.550501 0.298896 0.138912  0.686231 -0.718358 -0.048126 0.103598  0.213679 0.082885 -1.607640
4.216000  0.550500 0.298895 0.138901  0.686136 -0.718452 -0.048187 0.103546  0.213682 0.082754 -1.607922
4.218000  0.550506 0.298892 0.138910  0.686179 -0.718407 -0.048115 0.103611  0.213675 0.082934 -1.607778
4.220000  0.550515 0.298886 0.138909  0.686284 -0.718297 -0.047978 0.103735  0.213665 0.083270 -1.607437
4.222000  0.550523 0.298886 0.138898  0.686157 -0.718416 -0.047930 0.103776  0.213639 0.083430 -1.607770
4.224000  0.550536 0.298886 0.138903  0.686165 -0.718397 -0.047747 0.103938  0.213606 0.083910 -1.607684
4.226000  0.550549 0.298890 0.138886  0.686031 -0.718518 -0.047619 0.104048  0.213563 0.084285 -1.608009
4.228000  0.550555 0.298887 0.138899  0.686068 -0.718474 -0.047581 0.104121  0.213615 0.084430 -1.607875
4.230000  0.550560 0.298880 0.138903  0.686180 -0.718362 -0.047598 0.104154  0.213700 0.084420 -1.607554
4.232000  0.550562 0.298876 0.138894  0.686075 -0.718462 -0.047645 0.104128  0.213719 0.084349 -1.607852
4.234000  0.550558 0.298872 0.138904  0.686130 -0.718409 -0.047770 0.104075  0.213830 0.084083 -1.607723
4.236000  0.550552 0.298869 0.138892  0.686037 -0.718503 -0.047888 0.103991  0.213870 0.083829 -1.608014
4.238000  0.550541 0.298862 0.138903  0.686110 -0.718439 -0.048110 0.103847  0.213994 0.083295 -1.607872
4.240000  0.550533 0.298852 0.138911  0.686258 -0.718299 -0.048257 0.103769  0.214113 0.082935 -1.607494
4.242000  0.550524 0.298846 0.138906  0.686179 -0.718383 -0.048431 0.103630  0.214157 0.082521 -1.607769
4.244000  0.550521 0.298841 0.138917  0.686241 -0.718326 -0.048489 0.103585  0.214185 0.082359 -1.607617
4.246000  0.550517 0.298840 0.138907  0.686156 -0.718414 -0.048590 0.103493  0.214190 0.082113 -1.607888
4.248000  0.550519 0.298835 0.138917  0.686209 -0.718362 -0.048559 0.103517  0.214185 0.082175 -1.607733
4.250000  0.550525 0.298828 0.138918  0.686324 -0.718246 -0.048463 0.103600  0.214177 0.082392 -1.607382
4.252000  0.550530 0.298827 0.138908  0.686207 -0.718359 -0.048458 0.103598  0.214154 0.082431 -1.607706
4.254000  0.550540 0.298826 0.138914  0.686224 -0.718335 -0.048317 0.103718  0.214123 0.082790 -1.607610
4.256000  0.550550 0.298829 0.138898  0.686099 -0.718450 -0.048232 0.103786  0.214082 0.083042 -1.607927
4.258000  0.550565 0.298828 0.138904  0.686110 -0.718427 -0.048009 0.103978  0.214034 0.083620 -1.607818
4.260000  0.550584 0.298825 0.138899  0.686184 -0.718339 -0.047720 0.104229  0.213983 0.084353 -1.607512
4.262000  0.550603 0.298828 0.138883  0.686028 -0.718477 -0.047521 0.104397  0.213916 0.084914 -1.607873
4.264000  0.550614 0.298827 0.138896  0.686048 -0.718445 -0.047408 0.104534  0.213950 0.085259 -1.607761
4.266000  0.550624 0.298821 0.138901  0.686142 -0.718345 -0.047351 0.104631  0.214016 0.085448 -1.607461
4.268000  0.550632 0.298820 0.138891  0.686025 -0.718453 -0.047331 0.104667  0.214026 0.085561 -1.607768
4.270000  0.550633 0.298817 0.138902  0.686066 -0.718408 -0.047386 0.104680  0.214129 0.085490 -1.607651
4.272000  0.550632 0.298815 0.138889  0.685962 -0.718507 -0.047437 0.104662  0.214165 0.085425 -1.607945
4.274000  0.550626 0.298810 0.138901  0.686024 -0.718449 -0.047591 0.104586  0.214285 0.085086 -1.607805
4.276000  0.550618 0.298800 0.138904  0.686160 -0.718321 -0.047800 0.104470  0.214437 0.084590 -1.607477
4.278000  0.550608 0.298793 0.138895  0.686064 -0.718424 -0.048004 0.104303  0.214484 0.084098 -1.607810
4.280000  0.550591 0.298786 0.138905  0.686133 -0.718368 -0.048300 0.104093  0.214622 0.083370 -1.607704
4.282000  0.550572 0.298780 0.138893  0.686053 -0.718461 -0.048573 0.103858  0.214672 0.082682 -1.608023
4.284000  0.550562 0.298773 0.138911  0.686138 -0.718388 -0.048717 0.103725  0.214700 0.082269 -1.607841
4.286000  0.550555 0.298763 0.138918  0.686285 -0.718254 -0.048797 0.103649  0.214725 0.082008 -1.607466
4.288000  0.550547 0.298758 0.138913  0.686212 -0.718335 -0.048960 0.103495  0.214733 0.081584 -1.607731
4.290000  0.550545 0.298753 0.138925  0.686272 -0.718280 -0.048991 0.103458  0.214732 0.081471 -1.607580
4.292000  0.550542 0.298752 0.138915  0.686188 -0.718367 -0.049079 0.103368  0.214723 0.081247 -1.607848
4.294000  0.550545 0.298748 0.138925  0.686240 -0.718316 -0.049031 0.103401  0.214706 0.081346 -1.607691
4.296000  0.550552 0.298740 0.138925  0.686355 -0.718202 -0.048918 0.103493  0.214685 0.081598 -1.607339
4.298000  0.550558 0.298739 0.138915  0.686236 -0.718315 -0.048897 0.103499  0.214650 0.081672 -1.607663
4.300000  0.550568 0.298738 0.138921  0.686252 -0.718293 -0.048740 0.103627  0.214608 0.082065 -1.607568
4.302000  0.550579 0.298741 0.138905  0.686125 -0.718409 -0.048639 0.103703  0.214556 0.082350 -1.607886
4.304000  0.550595 0.298741 0.138910  0.686135 -0.718387 -0.048401 0.103902  0.214496 0.082960 -1.607778
4.306000  0.550615 0.298737 0.138905  0.686207 -0.718301 -0.048098 0.104161  0.214434 0.083725 -1.607473
4.308000  0.550634 0.298740 0.138889  0.686050 -0.718441 -0.047884 0.104336  0.214356 0.084317 -1.607837
4.310000  0.550646 0.298740 0.138901  0.686066 -0.718413 -0.047755 0.104481  0.214378 0.084696 -1.607733
4.312000  0.550657 0.298743 0.138889  0.685955 -0.718509 -0.047663 0.104584  0.214380 0.085003 -1.607994
4.314000  0.550662 0.298739 0.138900  0.686003 -0.718455 -0.047658 0.104648  0.214468 0.085085 -1.607837
4.316000  0.550666 0.298731 0.138903  0.686124 -0.718332 -0.047708 0.104671  0.214588 0.085013 -1.607491
4.318000  0.550667 0.298726 0.138894  0.686017 -0.718436 -0.047773 0.104638  0.214622 0.084907 -1.607802
4.320000  0.550662 0.298722 0.138904  0.686071 -0.718384 -0.047921 0.104572  0.214748 0.084591 -1.607679
4.322000  0.550654 0.298718 0.138891  0.685975 -0.718480 -0.048054 0.104477  0.214793 0.084301 -1.607981
4.324000  0.550642 0.298712 0.138903  0.686048 -0.718417 -0.048294 0.104318  0.214923 0.083722 -1.607846
4.326000  0.550633 0.298702 0.138910  0.686195 -0.718279 -0.048460 0.104224  0.215046 0.083314 -1.607478
4.328000  0.550623 0.298695 0.138904  0.686114 -0.718366 -0.048650 0.104071  0.215092 0.082859 -1.607764
4.330000  0.550618 0.298690 0.138916  0.686176 -0.718311 -0.048723 0.104012  0.215121 0.082655 -1.607618
4.332000  0.550613 0.298689 0.138906  0.686092 -0.718398 -0.048837 0.103905  0.215126 0.082370 -1.607893
4.334000  0.550614 0.298684 0.138916  0.686146 -0.718346 -0.048820 0.103916  0.215121 0.082393 -1.607740
4.336000  0.550619 0.298677 0.138916  0.686263 -0.718230 -0.048737 0.103985  0.215113 0.082571 -1.607390
4.338000  0.550623 0.298676 0.138907  0.686148 -0.718342 -0.048745 0.103969  0.215089 0.082573 -1.607713
4.340000  0.550632 0.298674 0.138913  0.686167 -0.718317 -0.048617 0.104076  0.215058 0.082895 -1.607616
4.342000  0.550640 0.298677 0.138898  0.686045 -0.718431 -0.048545 0.104131  0.215018 0.083109 -1.607931
4.344000  0.550655 0.298676 0.138904  0.686059 -0.718405 -0.048334 0.104309  0.214970 0.083650 -1.607819
4.346000  0.550673 0.298672 0.138899  0.686135 -0.718316 -0.048058 0.104547  0.214919 0.084347 -1.607511
4.348000  0.550691 0.298675 0.138884  0.685982 -0.718453 -0.047872 0.104702  0.214851 0.084871 -1.607870
4.350000  0.550701 0.298674 0.138897  0.686004 -0.718420 -0.047771 0.104826  0.214885 0.085180 -1.607758
4.352000  0.550709 0.298668 0.138901  0.686100 -0.718319 -0.047726 0.104911  0.214951 0.085333 -1.607459
4.354000  0.550716 0.298667 0.138892  0.685984 -0.718427 -0.047719 0.104934  0.214961 0.085410 -1.607769
4.356000  0.550716 0.298663 0.138902  0.686026 -0.718383 -0.047787 0.104934  0.215063 0.085303 -1.607653
4.358000  0.550715 0.298662 0.138890  0.685923 -0.718481 -0.047850 0.104903  0.215099 0.085202 -1.607949
4.360000  0.550707 0.298656 0.138901  0.685986 -0.718423 -0.048016 0.104814  0.215219 0.084826 -1.607812
4.362000  0.550699 0.298646 0.138905  0.686124 -0.718295 -0.048238 0.104684  0.215371 0.084294 -1.607485
4.364000  0.550688 0.298639 0.138895  0.686030 -0.718397 -0.048455 0.104504  0.215418 0.083765 -1.607819
4.366000  0.550670 0.298632 0.138906  0.686100 -0.718341 -0.048764 0.104281  0.215555 0.083000 -1.607715
4.368000  0.550649 0.298626 0.138894  0.686021 -0.718433 -0.049050 0.104033  0.215605 0.082276 -1.608035
4.370000  0.550638 0.298618 0.138913  0.686111 -0.718358 -0.049204 0.103888  0.215633 0.081830 -1.607846
4.372000  0.550630 0.298607 0.138921  0.686262 -0.718220 -0.049295 0.103801  0.215657 0.081535 -1.607466
4.374000  0.550622 0.298602 0.138917  0.686195 -0.718296 -0.049470 0.103634  0.215665 0.081078 -1.607720
4.376000  0.550619 0.298597 0.138929  0.686260 -0.718238 -0.049513 0.103586  0.215665 0.080929 -1.607560
4.378000  0.550615 0.298595 0.138920  0.686180 -0.718322 -0.049613 0.103483  0.215656 0.080669 -1.607820
4.380000  0.550617 0.298590 0.138931  0.686237 -0.718268 -0.049577 0.103504  0.215640 0.080731 -1.607657
4.382000  0.550622 0.298583 0.138931  0.686355 -0.718150 -0.049477 0.103582  0.215620 0.080945 -1.607299
4.384000  0.550627 0.298581 0.138921  0.686240 -0.718262 -0.049470 0.103575  0.215586 0.080979 -1.607620
4.386000  0.550637 0.298580 0.138928  0.686259 -0.718237 -0.049328 0.103689  0.215545 0.081333 -1.607521
4.388000  0.550646 0.298583 0.138913  0.686135 -0.718352 -0.049242 0.103751  0.215495 0.081576 -1.607836
4.390000  0.550661 0.298582 0.138918  0.686148 -0.718328 -0.049018 0.103936  0.215436 0.082145 -1.607725
4.392000  0.550680 0.298578 0.138913  0.686224 -0.718240 -0.048730 0.104180  0.215375 0.082868 -1.607417
4.394000  0.550698 0.298581 0.138898  0.686069 -0.718378 -0.048532 0.104340  0.215299 0.083416 -1.607777
4.396000  0.550721 0.298583 0.138899  0.686049 -0.718379 -0.048197 0.104622  0.215215 0.084285 -1.607718
4.398000  0.550744 0.298589 0.138879  0.685887 -0.718518 -0.047918 0.104853  0.215121 0.085048 -1.608069
4.400000  0.550759 0.298588 0.138893  0.685911 -0.718480 -0.047736 0.105042  0.215131 0.085561 -1.607925
4.402000  0.550773 0.298583 0.138899  0.686007 -0.718374 -0.047609 0.105192  0.215171 0.085921 -1.607597
4.404000  0.550786 0.298582 0.138890  0.685900 -0.718469 -0.047534 0.105278  0.215173 0.086179 -1.607858
4.406000  0.550791 0.298579 0.138900  0.685946 -0.718416 -0.047527 0.105348  0.215267 0.086273 -1.607702
4.408000  0.550795 0.298578 0.138888  0.685844 -0.718508 -0.047524 0.105383  0.215300 0.086356 -1.607968
4.410000  0.550794 0.298573 0.138899  0.685906 -0.718445 -0.047619 0.105364  0.215418 0.086179 -1.607805
4.412000  0.550791 0.298563 0.138902  0.686042 -0.718314 -0.047769 0.105306  0.215568 0.085848 -1.607453
4.414000  0.550785 0.298556 0.138893  0.685942 -0.718416 -0.047919 0.105195  0.215614 0.085512 -1.607775
4.416000  0.550773 0.298550 0.138903  0.686006 -0.718361 -0.048157 0.105044  0.215752 0.084948 -1.607660
4.418000  0.550759 0.298545 0.138891  0.685919 -0.718455 -0.048373 0.104867  0.215802 0.084424 -1.607972
4.420000  0.550739 0.298537 0.138903  0.686002 -0.718390 -0.048699 0.104623  0.215935 0.083602 -1.607846
4.422000  0.550725 0.298526 0.138913  0.686164 -0.718244 -0.048946 0.104448  0.216063 0.082964 -1.607470
4.424000  0.550707 0.298518 0.138909  0.686102 -0.718319 -0.049213 0.104216  0.216111 0.082284 -1.607737
4.426000  0.550697 0.298511 0.138923  0.686181 -0.718252 -0.049365 0.104076  0.216141 0.081850 -1.607574
4.428000  0.550685 0.298508 0.138916  0.686116 -0.718329 -0.049559 0.103889  0.216148 0.081335 -1.607832
4.430000  0.550680 0.298501 0.138928  0.686188 -0.718265 -0.049621 0.103818  0.216144 0.081127 -1.607661
4.432000  0.550678 0.298492 0.138931  0.686323 -0.718138 -0.049619 0.103805  0.216137 0.081072 -1.607294
4.434000  0.550676 0.298489 0.138924  0.686226 -0.718239 -0.049708 0.103707  0.216116 0.080838 -1.607601
4.436000  0.550678 0.298485 0.138932  0.686264 -0.718203 -0.049662 0.103730  0.216088 0.080924 -1.607488
4.438000  0.550680 0.298486 0.138920  0.686160 -0.718306 -0.049673 0.103702  0.216051 0.080900 -1.607787
4.440000  0.550688 0.298484 0.138928  0.686192 -0.718270 -0.049546 0.103797  0.216006 0.081201 -1.607659
4.442000  0.550699 0.298478 0.138926  0.686287 -0.718170 -0.049355 0.103950  0.215958 0.081656 -1.607335
4.444000  0.550710 0.298479 0.138913  0.686153 -0.718296 -0.049254 0.104019  0.215896 0.081933 -1.607678
4.446000  0.550726 0.298479 0.138917  0.686152 -0.718284 -0.049017 0.104210  0.215826 0.082532 -1.607600
4.448000  0.550742 0.298483 0.138899  0.686011 -0.718412 -0.048837 0.104349  0.215746 0.083022 -1.607934
4.450000  0.550763 0.298484 0.138902  0.686005 -0.718400 -0.048517 0.104613  0.215659 0.083839 -1.607840
4.452000  0.550782 0.298479 0.138905  0.686095 -0.718300 -0.048266 0.104831  0.215615 0.084471 -1.607505
4.454000  0.550801 0.298481 0.138895  0.685970 -0.718410 -0.048096 0.104971  0.215556 0.084941 -1.607791
4.456000  0.550812 0.298479 0.138904  0.685997 -0.718372 -0.047986 0.105106  0.215593 0.085277 -1.607660
4.458000  0.550823 0.298481 0.138891  0.685883 -0.718472 -0.047911 0.105198  0.215601 0.085546 -1.607937
4.460000  0.550827 0.298477 0.138901  0.685929 -0.718420 -0.047923 0.105249  0.215697 0.085586 -1.607789
4.462000  0.550829 0.298469 0.138904  0.686050 -0.718299 -0.047991 0.105260  0.215825 0.085471 -1.607451
4.464000  0.550830 0.298465 0.138894  0.685940 -0.718405 -0.048070 0.105215  0.215861 0.085332 -1.607771
4.466000  0.550823 0.298460 0.138904  0.685994 -0.718354 -0.048233 0.105135  0.215990 0.084976 -1.607656
4.468000  0.550814 0.298456 0.138891  0.685898 -0.718451 -0.048379 0.105028  0.216036 0.084650 -1.607963
4.470000  0.550801 0.298450 0.138903  0.685972 -0.718389 -0.048632 0.104856  0.216166 0.084033 -1.607832
4.472000  0.550786 0.298438 0.138906  0.686120 -0.718258 -0.048942 0.104643  0.216328 0.083257 -1.607511
4.474000  0.550767 0.298429 0.138897  0.686034 -0.718357 -0.049242 0.104381  0.216379 0.082496 -1.607855
4.476000  0.550756 0.298422 0.138915  0.686115 -0.718290 -0.049403 0.104233  0.216411 0.082039 -1.607692
4.478000  0.550748 0.298412 0.138921  0.686258 -0.718160 -0.049500 0.104144  0.216439 0.081735 -1.607334
4.480000  0.550739 0.298408 0.138917  0.686177 -0.718249 -0.049678 0.103975  0.216447 0.081273 -1.607626
4.482000  0.550735 0.298403 0.138929  0.686231 -0.718202 -0.049724 0.103923  0.216446 0.081119 -1.607500
4.484000  0.550731 0.298402 0.138919  0.686144 -0.718293 -0.049826 0.103819  0.216437 0.080857 -1.607781
4.486000  0.550733 0.298398 0.138930  0.686194 -0.718246 -0.049792 0.103838  0.216420 0.080918 -1.607637
4.488000  0.550738 0.298391 0.138930  0.686306 -0.718134 -0.049693 0.103916  0.216399 0.081132 -1.607297
4.490000  0.550743 0.298390 0.138920  0.686188 -0.718248 -0.049685 0.103909  0.216365 0.081168 -1.607623
4.492000  0.550753 0.298389 0.138926  0.686205 -0.718225 -0.049541 0.104024  0.216323 0.081525 -1.607529
4.494000  0.550762 0.298392 0.138911  0.686081 -0.718341 -0.049454 0.104087  0.216273 0.081772 -1.607846
4.496000  0.550777 0.298391 0.138916  0.686093 -0.718317 -0.049229 0.104274  0.216214 0.082345 -1.607737
4.498000  0.550796 0.298387 0.138912  0.686168 -0.718230 -0.048939 0.104519  0.216153 0.083072 -1.607430
4.500000  0.550814 0.298390 0.138896  0.686013 -0.718368 -0.048739 0.104681  0.216076 0.083625 -1.607791
